,Open
2023-01-03 09:30:00,3853.2900390625
2023-01-03 10:30:00,3823.64990234375
2023-01-03 11:30:00,3815.469970703125
2023-01-03 12:30:00,3804.239990234375
2023-01-03 13:30:00,3810.10009765625
2023-01-03 14:30:00,3805.010009765625
2023-01-03 15:30:00,3818.5400390625
2023-01-04 09:30:00,3840.360107421875
2023-01-04 10:30:00,3830.5
2023-01-04 11:30:00,3850.510009765625
2023-01-04 12:30:00,3866.7900390625
2023-01-04 13:30:00,3863.25
2023-01-04 14:30:00,3829.43994140625
2023-01-04 15:30:00,3842.85009765625
2023-01-05 09:30:00,3839.739990234375
2023-01-05 10:30:00,3817.2099609375
2023-01-05 11:30:00,3807.080078125
2023-01-05 12:30:00,3811.6201171875
2023-01-05 13:30:00,3821.97998046875
2023-01-05 14:30:00,3815.659912109375
2023-01-05 15:30:00,3810.179931640625
2023-01-06 09:30:00,3823.3701171875
2023-01-06 10:30:00,3842.800048828125
2023-01-06 11:30:00,3867.56005859375
2023-01-06 12:30:00,3870.030029296875
2023-01-06 13:30:00,3875.050048828125
2023-01-06 14:30:00,3891.260009765625
2023-01-06 15:30:00,3897.8701171875
2023-01-09 09:30:00,3910.820068359375
2023-01-09 10:30:00,3928.5
2023-01-09 11:30:00,3949.35009765625
2023-01-09 12:30:00,3942.659912109375
2023-01-09 13:30:00,3933.7900390625
2023-01-09 14:30:00,3919.659912109375
2023-01-09 15:30:00,3897.409912109375
2023-01-10 09:30:00,3888.570068359375
2023-01-10 10:30:00,3896.280029296875
2023-01-10 11:30:00,3893.969970703125
2023-01-10 12:30:00,3893.97998046875
2023-01-10 13:30:00,3903.110107421875
2023-01-10 14:30:00,3912.8701171875
2023-01-10 15:30:00,3908.9599609375
2023-01-11 09:30:00,3932.35009765625
2023-01-11 10:30:00,3944.489990234375
2023-01-11 11:30:00,3939.81005859375
2023-01-11 12:30:00,3948.3798828125
2023-01-11 13:30:00,3952.070068359375
2023-01-11 14:30:00,3951.780029296875
2023-01-11 15:30:00,3959.75
2023-01-12 09:30:00,3977.570068359375
2023-01-12 10:30:00,3973.239990234375
2023-01-12 11:30:00,3970.679931640625
2023-01-12 12:30:00,3992.010009765625
2023-01-12 13:30:00,3975.550048828125
2023-01-12 14:30:00,3988.300048828125
2023-01-12 15:30:00,3980.3798828125
2023-01-13 09:30:00,3960.60009765625
2023-01-13 10:30:00,3978.9599609375
2023-01-13 11:30:00,3973.2900390625
2023-01-13 12:30:00,3978.0
2023-01-13 13:30:00,3977.52001953125
2023-01-13 14:30:00,3988.81005859375
2023-01-13 15:30:00,3996.050048828125
2023-01-17 09:30:00,3999.280029296875
2023-01-17 10:30:00,4010.429931640625
2023-01-17 11:30:00,3990.43994140625
2023-01-17 12:30:00,3989.89990234375
2023-01-17 13:30:00,3995.070068359375
2023-01-17 14:30:00,3992.1201171875
2023-01-17 15:30:00,3993.35009765625
2023-01-18 09:30:00,4002.25
2023-01-18 10:30:00,4007.60009765625
2023-01-18 11:30:00,3967.300048828125
2023-01-18 12:30:00,3950.39990234375
2023-01-18 13:30:00,3946.43994140625
2023-01-18 14:30:00,3950.679931640625
2023-01-18 15:30:00,3941.739990234375
2023-01-19 09:30:00,3911.840087890625
2023-01-19 10:30:00,3902.97998046875
2023-01-19 11:30:00,3890.580078125
2023-01-19 12:30:00,3896.159912109375
2023-01-19 13:30:00,3903.580078125
2023-01-19 14:30:00,3919.219970703125
2023-01-19 15:30:00,3915.1201171875
2023-01-20 09:30:00,3909.0400390625
2023-01-20 10:30:00,3922.43994140625
2023-01-20 11:30:00,3936.139892578125
2023-01-20 12:30:00,3933.5
2023-01-20 13:30:00,3929.199951171875
2023-01-20 14:30:00,3951.7099609375
2023-01-20 15:30:00,3964.449951171875
2023-01-23 09:30:00,3978.139892578125
2023-01-23 10:30:00,4005.39990234375
2023-01-23 11:30:00,4021.669921875
2023-01-23 12:30:00,4023.3798828125
2023-01-23 13:30:00,4031.780029296875
2023-01-23 14:30:00,4019.64990234375
2023-01-23 15:30:00,4011.330078125
2023-01-24 09:30:00,4001.739990234375
2023-01-24 10:30:00,4005.659912109375
2023-01-24 11:30:00,4019.610107421875
2023-01-24 12:30:00,4016.31005859375
2023-01-24 13:30:00,4017.52001953125
2023-01-24 14:30:00,4016.909912109375
2023-01-24 15:30:00,4018.389892578125
2023-01-25 09:30:00,3982.7099609375
2023-01-25 10:30:00,3961.169921875
2023-01-25 11:30:00,3973.760009765625
2023-01-25 12:30:00,3979.300048828125
2023-01-25 13:30:00,4000.5400390625
2023-01-25 14:30:00,4006.0400390625
2023-01-25 15:30:00,4012.409912109375
2023-01-26 09:30:00,4036.080078125
2023-01-26 10:30:00,4039.389892578125
2023-01-26 11:30:00,4022.780029296875
2023-01-26 12:30:00,4035.8798828125
2023-01-26 13:30:00,4035.72998046875
2023-01-26 14:30:00,4043.219970703125
2023-01-26 15:30:00,4051.840087890625
2023-01-27 09:30:00,4053.719970703125
2023-01-27 10:30:00,4069.389892578125
2023-01-27 11:30:00,4062.3701171875
2023-01-27 12:30:00,4072.60009765625
2023-01-27 13:30:00,4073.340087890625
2023-01-27 14:30:00,4083.159912109375
2023-01-27 15:30:00,4088.8701171875
2023-01-30 09:30:00,4049.27001953125
2023-01-30 10:30:00,4050.85009765625
2023-01-30 11:30:00,4045.070068359375
2023-01-30 12:30:00,4040.989990234375
2023-01-30 13:30:00,4038.719970703125
2023-01-30 14:30:00,4027.159912109375
2023-01-30 15:30:00,4019.2099609375
2023-01-31 09:30:00,4020.85009765625
2023-01-31 10:30:00,4038.9599609375
2023-01-31 11:30:00,4043.8701171875
2023-01-31 12:30:00,4046.530029296875
2023-01-31 13:30:00,4049.1298828125
2023-01-31 14:30:00,4055.409912109375
2023-01-31 15:30:00,4049.77001953125
2023-02-01 09:30:00,4066.10009765625
2023-02-01 10:30:00,4068.510009765625
2023-02-01 11:30:00,4064.719970703125
2023-02-01 12:30:00,4054.85009765625
2023-02-01 13:30:00,4057.8701171875
2023-02-01 14:30:00,4059.419921875
2023-02-01 15:30:00,4125.2900390625
2023-02-02 09:30:00,4158.68017578125
2023-02-02 10:30:00,4159.10986328125
2023-02-02 11:30:00,4177.83984375
2023-02-02 12:30:00,4177.240234375
2023-02-02 13:30:00,4179.22021484375
2023-02-02 14:30:00,4168.31005859375
2023-02-02 15:30:00,4164.75
2023-02-03 09:30:00,4136.68994140625
2023-02-03 10:30:00,4162.990234375
2023-02-03 11:30:00,4176.35986328125
2023-02-03 12:30:00,4174.3798828125
2023-02-03 13:30:00,4142.4501953125
2023-02-03 14:30:00,4137.43017578125
2023-02-03 15:30:00,4136.14013671875
2023-02-06 09:30:00,4119.56982421875
2023-02-06 10:30:00,4099.72021484375
2023-02-06 11:30:00,4122.080078125
2023-02-06 12:30:00,4108.33984375
2023-02-06 13:30:00,4109.31005859375
2023-02-06 14:30:00,4115.85009765625
2023-02-06 15:30:00,4103.7001953125
2023-02-07 09:30:00,4105.35009765625
2023-02-07 10:30:00,4097.77978515625
2023-02-07 11:30:00,4110.10986328125
2023-02-07 12:30:00,4110.39013671875
2023-02-07 13:30:00,4110.2900390625
2023-02-07 14:30:00,4132.89990234375
2023-02-07 15:30:00,4158.60986328125
2023-02-08 09:30:00,4153.47021484375
2023-02-08 10:30:00,4145.81005859375
2023-02-08 11:30:00,4119.68994140625
2023-02-08 12:30:00,4128.85986328125
2023-02-08 13:30:00,4128.93017578125
2023-02-08 14:30:00,4123.93017578125
2023-02-08 15:30:00,4117.35986328125
2023-02-09 09:30:00,4144.25
2023-02-09 10:30:00,4134.39990234375
2023-02-09 11:30:00,4126.68017578125
2023-02-09 12:30:00,4124.759765625
2023-02-09 13:30:00,4109.43017578125
2023-02-09 14:30:00,4094.39990234375
2023-02-09 15:30:00,4079.2099609375
2023-02-10 09:30:00,4068.919921875
2023-02-10 10:30:00,4085.60009765625
2023-02-10 11:30:00,4079.139892578125
2023-02-10 12:30:00,4068.56005859375
2023-02-10 13:30:00,4085.889892578125
2023-02-10 14:30:00,4074.77001953125
2023-02-10 15:30:00,4081.389892578125
2023-02-13 09:30:00,4096.6201171875
2023-02-13 10:30:00,4118.7001953125
2023-02-13 11:30:00,4126.1298828125
2023-02-13 12:30:00,4131.35986328125
2023-02-13 13:30:00,4133.52001953125
2023-02-13 14:30:00,4128.25
2023-02-13 15:30:00,4129.2998046875
2023-02-14 09:30:00,4126.7001953125
2023-02-14 10:30:00,4143.35009765625
2023-02-14 11:30:00,4108.56005859375
2023-02-14 12:30:00,4114.47021484375
2023-02-14 13:30:00,4134.47021484375
2023-02-14 14:30:00,4134.2998046875
2023-02-14 15:30:00,4140.31982421875
2023-02-15 09:30:00,4119.5
2023-02-15 10:30:00,4117.169921875
2023-02-15 11:30:00,4129.31982421875
2023-02-15 12:30:00,4118.2099609375
2023-02-15 13:30:00,4131.64990234375
2023-02-15 14:30:00,4140.2099609375
2023-02-15 15:30:00,4136.31005859375
2023-02-16 09:30:00,4114.75
2023-02-16 10:30:00,4112.89990234375
2023-02-16 11:30:00,4121.81982421875
2023-02-16 12:30:00,4127.169921875
2023-02-16 13:30:00,4122.52001953125
2023-02-16 14:30:00,4133.0
2023-02-16 15:30:00,4101.33984375
2023-02-17 09:30:00,4077.389892578125
2023-02-17 10:30:00,4066.389892578125
2023-02-17 11:30:00,4051.409912109375
2023-02-17 12:30:00,4061.75
2023-02-17 13:30:00,4053.6201171875
2023-02-17 14:30:00,4067.659912109375
2023-02-17 15:30:00,4072.2900390625
2023-02-21 09:30:00,4052.35009765625
2023-02-21 10:30:00,4023.860107421875
2023-02-21 11:30:00,4014.4599609375
2023-02-21 12:30:00,4009.610107421875
2023-02-21 13:30:00,4007.050048828125
2023-02-21 14:30:00,3999.60009765625
2023-02-21 15:30:00,4002.239990234375
2023-02-22 09:30:00,4001.830078125
2023-02-22 10:30:00,3991.7099609375
2023-02-22 11:30:00,3996.830078125
2023-02-22 12:30:00,4005.489990234375
2023-02-22 13:30:00,4014.7099609375
2023-02-22 14:30:00,3999.139892578125
2023-02-22 15:30:00,3982.56005859375
2023-02-23 09:30:00,4018.60009765625
2023-02-23 10:30:00,4016.719970703125
2023-02-23 11:30:00,3986.080078125
2023-02-23 12:30:00,3974.800048828125
2023-02-23 13:30:00,3982.570068359375
2023-02-23 14:30:00,4005.030029296875
2023-02-23 15:30:00,4020.22998046875
2023-02-24 09:30:00,3973.239990234375
2023-02-24 10:30:00,3948.919921875
2023-02-24 11:30:00,3959.840087890625
2023-02-24 12:30:00,3961.6298828125
2023-02-24 13:30:00,3957.469970703125
2023-02-24 14:30:00,3964.02001953125
2023-02-24 15:30:00,3970.340087890625
2023-02-27 09:30:00,3992.360107421875
2023-02-27 10:30:00,4012.7900390625
2023-02-27 11:30:00,3989.679931640625
2023-02-27 12:30:00,3987.159912109375
2023-02-27 13:30:00,3993.31005859375
2023-02-27 14:30:00,3992.27001953125
2023-02-27 15:30:00,3981.860107421875
2023-02-28 09:30:00,3977.18994140625
2023-02-28 10:30:00,3976.85009765625
2023-02-28 11:30:00,3984.39990234375
2023-02-28 12:30:00,3988.530029296875
2023-02-28 13:30:00,3995.429931640625
2023-02-28 14:30:00,3988.419921875
2023-02-28 15:30:00,3976.2099609375
2023-03-01 09:30:00,3963.340087890625
2023-03-01 10:30:00,3951.679931640625
2023-03-01 11:30:00,3948.699951171875
2023-03-01 12:30:00,3962.590087890625
2023-03-01 13:30:00,3954.300048828125
2023-03-01 14:30:00,3945.659912109375
2023-03-01 15:30:00,3946.68994140625
2023-03-02 09:30:00,3938.679931640625
2023-03-02 10:30:00,3944.080078125
2023-03-02 11:30:00,3941.3798828125
2023-03-02 12:30:00,3943.5400390625
2023-03-02 13:30:00,3944.949951171875
2023-03-02 14:30:00,3973.75
2023-03-02 15:30:00,3978.659912109375
2023-03-03 09:30:00,3998.02001953125
2023-03-03 10:30:00,4017.3701171875
2023-03-03 11:30:00,4016.239990234375
2023-03-03 12:30:00,4025.919921875
2023-03-03 13:30:00,4033.699951171875
2023-03-03 14:30:00,4041.239990234375
2023-03-03 15:30:00,4044.080078125
2023-03-06 09:30:00,4055.14990234375
2023-03-06 10:30:00,4070.919921875
2023-03-06 11:30:00,4069.02001953125
2023-03-06 12:30:00,4072.300048828125
2023-03-06 13:30:00,4060.18994140625
2023-03-06 14:30:00,4053.550048828125
2023-03-06 15:30:00,4045.159912109375
2023-03-07 09:30:00,4045.8798828125
2023-03-07 10:30:00,4020.85009765625
2023-03-07 11:30:00,4005.090087890625
2023-03-07 12:30:00,4014.89990234375
2023-03-07 13:30:00,3999.179931640625
2023-03-07 14:30:00,3986.780029296875
2023-03-07 15:30:00,3986.280029296875
2023-03-08 09:30:00,3987.550048828125
2023-03-08 10:30:00,3990.18994140625
2023-03-08 11:30:00,3989.260009765625
2023-03-08 12:30:00,3983.419921875
2023-03-08 13:30:00,3971.68994140625
2023-03-08 14:30:00,3981.429931640625
2023-03-08 15:30:00,3975.47998046875
2023-03-09 09:30:00,3998.659912109375
2023-03-09 10:30:00,4003.469970703125
2023-03-09 11:30:00,3995.510009765625
2023-03-09 12:30:00,3994.699951171875
2023-03-09 13:30:00,3967.510009765625
2023-03-09 14:30:00,3950.14990234375
2023-03-09 15:30:00,3917.449951171875
2023-03-10 09:30:00,3912.77001953125
2023-03-10 10:30:00,3891.300048828125
2023-03-10 11:30:00,3926.27001953125
2023-03-10 12:30:00,3891.64990234375
2023-03-10 13:30:00,3861.8701171875
2023-03-10 14:30:00,3856.60009765625
2023-03-10 15:30:00,3870.0400390625
2023-03-13 09:30:00,3835.1201171875
2023-03-13 10:30:00,3842.909912109375
2023-03-13 11:30:00,3899.72998046875
2023-03-13 12:30:00,3881.840087890625
2023-03-13 13:30:00,3866.8798828125
2023-03-13 14:30:00,3887.699951171875
2023-03-13 15:30:00,3862.68994140625
2023-03-14 09:30:00,3894.010009765625
2023-03-14 10:30:00,3925.35009765625
2023-03-14 11:30:00,3934.06005859375
2023-03-14 12:30:00,3919.419921875
2023-03-14 13:30:00,3899.449951171875
2023-03-14 14:30:00,3896.449951171875
2023-03-14 15:30:00,3884.77001953125
2023-03-15 09:30:00,3876.739990234375
2023-03-15 10:30:00,3861.050048828125
2023-03-15 11:30:00,3863.77001953125
2023-03-15 12:30:00,3849.4599609375
2023-03-15 13:30:00,3864.81005859375
2023-03-15 14:30:00,3885.14990234375
2023-03-15 15:30:00,3888.3701171875
2023-03-16 09:30:00,3878.929931640625
2023-03-16 10:30:00,3878.679931640625
2023-03-16 11:30:00,3930.590087890625
2023-03-16 12:30:00,3938.419921875
2023-03-16 13:30:00,3951.97998046875
2023-03-16 14:30:00,3947.5
2023-03-16 15:30:00,3960.449951171875
2023-03-17 09:30:00,3958.68994140625
2023-03-17 10:30:00,3927.1201171875
2023-03-17 11:30:00,3910.93994140625
2023-03-17 12:30:00,3922.39990234375
2023-03-17 13:30:00,3924.389892578125
2023-03-17 14:30:00,3906.260009765625
2023-03-17 15:30:00,3922.780029296875
2023-03-20 09:30:00,3917.469970703125
2023-03-20 10:30:00,3939.070068359375
2023-03-20 11:30:00,3955.8701171875
2023-03-20 12:30:00,3932.9599609375
2023-03-20 13:30:00,3948.659912109375
2023-03-20 14:30:00,3945.2099609375
2023-03-20 15:30:00,3945.2099609375
2023-03-21 09:30:00,3975.889892578125
2023-03-21 10:30:00,3979.639892578125
2023-03-21 11:30:00,3984.389892578125
2023-03-21 12:30:00,3980.60009765625
2023-03-21 13:30:00,3984.77001953125
2023-03-21 14:30:00,3985.81005859375
2023-03-21 15:30:00,3997.6201171875
2023-03-22 09:30:00,4002.0400390625
2023-03-22 10:30:00,4012.8798828125
2023-03-22 11:30:00,4003.860107421875
2023-03-22 12:30:00,3997.739990234375
2023-03-22 13:30:00,3997.169921875
2023-03-22 14:30:00,4014.4599609375
2023-03-22 15:30:00,4004.5400390625
2023-03-23 09:30:00,3959.2099609375
2023-03-23 10:30:00,3982.06005859375
2023-03-23 11:30:00,3994.35009765625
2023-03-23 12:30:00,3991.280029296875
2023-03-23 13:30:00,3967.8701171875
2023-03-23 14:30:00,3943.219970703125
2023-03-23 15:30:00,3933.10009765625
2023-03-24 09:30:00,3939.2099609375
2023-03-24 10:30:00,3938.7900390625
2023-03-24 11:30:00,3922.719970703125
2023-03-24 12:30:00,3937.820068359375
2023-03-24 13:30:00,3950.47998046875
2023-03-24 14:30:00,3956.179931640625
2023-03-24 15:30:00,3969.31005859375
2023-03-27 09:30:00,3982.929931640625
2023-03-27 10:30:00,3986.219970703125
2023-03-27 11:30:00,3980.669921875
2023-03-27 12:30:00,3982.4599609375
2023-03-27 13:30:00,3984.669921875
2023-03-27 14:30:00,3988.780029296875
2023-03-27 15:30:00,3991.419921875
2023-03-28 09:30:00,3974.1298828125
2023-03-28 10:30:00,3972.9599609375
2023-03-28 11:30:00,3972.320068359375
2023-03-28 12:30:00,3968.85009765625
2023-03-28 13:30:00,3963.639892578125
2023-03-28 14:30:00,3957.639892578125
2023-03-28 15:30:00,3961.06005859375
2023-03-29 09:30:00,3999.530029296875
2023-03-29 10:30:00,4009.340087890625
2023-03-29 11:30:00,4007.93994140625
2023-03-29 12:30:00,4013.8701171875
2023-03-29 13:30:00,4018.56005859375
2023-03-29 14:30:00,4013.2099609375
2023-03-29 15:30:00,4027.14990234375
2023-03-30 09:30:00,4046.739990234375
2023-03-30 10:30:00,4052.969970703125
2023-03-30 11:30:00,4049.2099609375
2023-03-30 12:30:00,4042.43994140625
2023-03-30 13:30:00,4038.68994140625
2023-03-30 14:30:00,4045.4599609375
2023-03-30 15:30:00,4049.070068359375
2023-03-31 09:30:00,4056.179931640625
2023-03-31 10:30:00,4071.06005859375
2023-03-31 11:30:00,4081.580078125
2023-03-31 12:30:00,4090.2900390625
2023-03-31 13:30:00,4084.530029296875
2023-03-31 14:30:00,4086.300048828125
2023-03-31 15:30:00,4103.9599609375
2023-04-03 09:30:00,4102.2001953125
2023-04-03 10:30:00,4126.2001953125
2023-04-03 11:30:00,4104.990234375
2023-04-03 12:30:00,4110.93994140625
2023-04-03 13:30:00,4106.740234375
2023-04-03 14:30:00,4110.31982421875
2023-04-03 15:30:00,4122.64990234375
2023-04-04 09:30:00,4128.02978515625
2023-04-04 10:30:00,4118.580078125
2023-04-04 11:30:00,4103.02978515625
2023-04-04 12:30:00,4096.89990234375
2023-04-04 13:30:00,4104.009765625
2023-04-04 14:30:00,4093.739990234375
2023-04-04 15:30:00,4092.0
2023-04-05 09:30:00,4094.5
2023-04-05 10:30:00,4086.260009765625
2023-04-05 11:30:00,4079.1298828125
2023-04-05 12:30:00,4075.18994140625
2023-04-05 13:30:00,4082.25
2023-04-05 14:30:00,4084.39990234375
2023-04-05 15:30:00,4085.590087890625
2023-04-06 09:30:00,4081.14990234375
2023-04-06 10:30:00,4080.840087890625
2023-04-06 11:30:00,4084.530029296875
2023-04-06 12:30:00,4097.43017578125
2023-04-06 13:30:00,4102.52978515625
2023-04-06 14:30:00,4105.490234375
2023-04-06 15:30:00,4101.3701171875
2023-04-10 09:30:00,4085.199951171875
2023-04-10 10:30:00,4077.239990234375
2023-04-10 11:30:00,4086.43994140625
2023-04-10 12:30:00,4081.6298828125
2023-04-10 13:30:00,4099.39013671875
2023-04-10 14:30:00,4100.22998046875
2023-04-10 15:30:00,4100.14013671875
2023-04-11 09:30:00,4110.2900390625
2023-04-11 10:30:00,4112.83984375
2023-04-11 11:30:00,4111.08984375
2023-04-11 12:30:00,4115.52978515625
2023-04-11 13:30:00,4117.5
2023-04-11 14:30:00,4122.0498046875
2023-04-11 15:30:00,4122.2998046875
2023-04-12 09:30:00,4121.72021484375
2023-04-12 10:30:00,4128.6298828125
2023-04-12 11:30:00,4108.240234375
2023-04-12 12:30:00,4118.06982421875
2023-04-12 13:30:00,4124.41015625
2023-04-12 14:30:00,4108.77001953125
2023-04-12 15:30:00,4088.419921875
2023-04-13 09:30:00,4100.0400390625
2023-04-13 10:30:00,4119.490234375
2023-04-13 11:30:00,4119.97021484375
2023-04-13 12:30:00,4126.169921875
2023-04-13 13:30:00,4131.240234375
2023-04-13 14:30:00,4143.3798828125
2023-04-13 15:30:00,4148.02978515625
2023-04-14 09:30:00,4140.10986328125
2023-04-14 10:30:00,4135.2900390625
2023-04-14 11:30:00,4127.97998046875
2023-04-14 12:30:00,4123.5
2023-04-14 13:30:00,4118.509765625
2023-04-14 14:30:00,4130.77978515625
2023-04-14 15:30:00,4130.10009765625
2023-04-17 09:30:00,4137.169921875
2023-04-17 10:30:00,4139.52001953125
2023-04-17 11:30:00,4133.3798828125
2023-04-17 12:30:00,4129.06982421875
2023-04-17 13:30:00,4131.77001953125
2023-04-17 14:30:00,4128.52001953125
2023-04-17 15:30:00,4147.10009765625
2023-04-18 09:30:00,4164.259765625
2023-04-18 10:30:00,4147.0498046875
2023-04-18 11:30:00,4146.89990234375
2023-04-18 12:30:00,4153.68994140625
2023-04-18 13:30:00,4148.89013671875
2023-04-18 14:30:00,4155.06005859375
2023-04-18 15:30:00,4153.02001953125
2023-04-19 09:30:00,4139.330078125
2023-04-19 10:30:00,4142.4599609375
2023-04-19 11:30:00,4145.1201171875
2023-04-19 12:30:00,4151.10009765625
2023-04-19 13:30:00,4154.77978515625
2023-04-19 14:30:00,4157.5400390625
2023-04-19 15:30:00,4157.330078125
2023-04-20 09:30:00,4130.47998046875
2023-04-20 10:30:00,4134.27001953125
2023-04-20 11:30:00,4133.72021484375
2023-04-20 12:30:00,4138.06005859375
2023-04-20 13:30:00,4147.06005859375
2023-04-20 14:30:00,4135.77978515625
2023-04-20 15:30:00,4115.14013671875
2023-04-21 09:30:00,4132.14013671875
2023-04-21 10:30:00,4132.47021484375
2023-04-21 11:30:00,4124.64013671875
2023-04-21 12:30:00,4126.18994140625
2023-04-21 13:30:00,4126.7900390625
2023-04-21 14:30:00,4134.75
2023-04-21 15:30:00,4129.740234375
2023-04-24 09:30:00,4132.06982421875
2023-04-24 10:30:00,4141.39013671875
2023-04-24 11:30:00,4123.6201171875
2023-04-24 12:30:00,4125.9501953125
2023-04-24 13:30:00,4129.10986328125
2023-04-24 14:30:00,4131.740234375
2023-04-24 15:30:00,4134.47021484375
2023-04-25 09:30:00,4126.43017578125
2023-04-25 10:30:00,4107.58984375
2023-04-25 11:30:00,4107.27978515625
2023-04-25 12:30:00,4099.9599609375
2023-04-25 13:30:00,4086.39990234375
2023-04-25 14:30:00,4082.909912109375
2023-04-25 15:30:00,4080.2099609375
2023-04-26 09:30:00,4087.780029296875
2023-04-26 10:30:00,4065.090087890625
2023-04-26 11:30:00,4083.010009765625
2023-04-26 12:30:00,4082.550048828125
2023-04-26 13:30:00,4073.77001953125
2023-04-26 14:30:00,4064.110107421875
2023-04-26 15:30:00,4054.10009765625
2023-04-27 09:30:00,4075.2900390625
2023-04-27 10:30:00,4093.10009765625
2023-04-27 11:30:00,4099.27978515625
2023-04-27 12:30:00,4106.419921875
2023-04-27 13:30:00,4112.169921875
2023-04-27 14:30:00,4128.3701171875
2023-04-27 15:30:00,4134.7001953125
2023-04-28 09:30:00,4129.6298828125
2023-04-28 10:30:00,4158.240234375
2023-04-28 11:30:00,4148.7099609375
2023-04-28 12:30:00,4160.35986328125
2023-04-28 13:30:00,4165.64013671875
2023-04-28 14:30:00,4158.6201171875
2023-04-28 15:30:00,4160.33984375
2023-05-01 09:30:00,4166.7900390625
2023-05-01 10:30:00,4171.33984375
2023-05-01 11:30:00,4169.85009765625
2023-05-01 12:30:00,4179.52001953125
2023-05-01 13:30:00,4179.6298828125
2023-05-01 14:30:00,4176.64013671875
2023-05-01 15:30:00,4168.97021484375
2023-05-02 09:30:00,4164.10009765625
2023-05-02 10:30:00,4118.97021484375
2023-05-02 11:30:00,4095.3798828125
2023-05-02 12:30:00,4104.06005859375
2023-05-02 13:30:00,4113.83984375
2023-05-02 14:30:00,4113.27978515625
2023-05-02 15:30:00,4124.5
2023-05-03 09:30:00,4122.25
2023-05-03 10:30:00,4125.10986328125
2023-05-03 11:30:00,4117.31005859375
2023-05-03 12:30:00,4128.27978515625
2023-05-03 13:30:00,4135.06982421875
2023-05-03 14:30:00,4136.83984375
2023-05-03 15:30:00,4099.490234375
2023-05-04 09:30:00,4082.550048828125
2023-05-04 10:30:00,4050.679931640625
2023-05-04 11:30:00,4062.7099609375
2023-05-04 12:30:00,4064.35009765625
2023-05-04 13:30:00,4075.1298828125
2023-05-04 14:30:00,4062.300048828125
2023-05-04 15:30:00,4063.179931640625
2023-05-05 09:30:00,4084.72998046875
2023-05-05 10:30:00,4118.14013671875
2023-05-05 11:30:00,4123.33984375
2023-05-05 12:30:00,4118.009765625
2023-05-05 13:30:00,4124.990234375
2023-05-05 14:30:00,4135.39990234375
2023-05-05 15:30:00,4141.43994140625
2023-05-08 09:30:00,4136.97998046875
2023-05-08 10:30:00,4128.68017578125
2023-05-08 11:30:00,4131.39013671875
2023-05-08 12:30:00,4133.77001953125
2023-05-08 13:30:00,4134.6201171875
2023-05-08 14:30:00,4137.97998046875
2023-05-08 15:30:00,4135.830078125
2023-05-09 09:30:00,4124.25
2023-05-09 10:30:00,4122.89013671875
2023-05-09 11:30:00,4122.31982421875
2023-05-09 12:30:00,4118.58984375
2023-05-09 13:30:00,4123.580078125
2023-05-09 14:30:00,4127.72998046875
2023-05-09 15:30:00,4125.0
2023-05-10 09:30:00,4143.740234375
2023-05-10 10:30:00,4131.080078125
2023-05-10 11:30:00,4129.02001953125
2023-05-10 12:30:00,4123.52978515625
2023-05-10 13:30:00,4102.06005859375
2023-05-10 14:30:00,4119.77978515625
2023-05-10 15:30:00,4141.89013671875
2023-05-11 09:30:00,4132.240234375
2023-05-11 10:30:00,4117.43994140625
2023-05-11 11:30:00,4123.56982421875
2023-05-11 12:30:00,4126.7998046875
2023-05-11 13:30:00,4123.06005859375
2023-05-11 14:30:00,4123.91015625
2023-05-11 15:30:00,4128.7099609375
2023-05-12 09:30:00,4138.5400390625
2023-05-12 10:30:00,4127.9599609375
2023-05-12 11:30:00,4116.85009765625
2023-05-12 12:30:00,4109.02001953125
2023-05-12 13:30:00,4111.0400390625
2023-05-12 14:30:00,4103.27978515625
2023-05-12 15:30:00,4111.64990234375
2023-05-15 09:30:00,4126.64990234375
2023-05-15 10:30:00,4117.5400390625
2023-05-15 11:30:00,4127.56005859375
2023-05-15 12:30:00,4127.0498046875
2023-05-15 13:30:00,4130.22021484375
2023-05-15 14:30:00,4129.93017578125
2023-05-15 15:30:00,4135.0498046875
2023-05-16 09:30:00,4127.9501953125
2023-05-16 10:30:00,4125.39013671875
2023-05-16 11:30:00,4126.5498046875
2023-05-16 12:30:00,4126.2001953125
2023-05-16 13:30:00,4123.0400390625
2023-05-16 14:30:00,4120.33984375
2023-05-16 15:30:00,4124.7001953125
2023-05-17 09:30:00,4122.85009765625
2023-05-17 10:30:00,4123.77978515625
2023-05-17 11:30:00,4127.81005859375
2023-05-17 12:30:00,4135.5
2023-05-17 13:30:00,4158.35986328125
2023-05-17 14:30:00,4158.56982421875
2023-05-17 15:30:00,4153.18017578125
2023-05-18 09:30:00,4157.68017578125
2023-05-18 10:30:00,4174.33984375
2023-05-18 11:30:00,4178.68994140625
2023-05-18 12:30:00,4167.27978515625
2023-05-18 13:30:00,4167.81005859375
2023-05-18 14:30:00,4171.0498046875
2023-05-18 15:30:00,4183.52978515625
2023-05-19 09:30:00,4204.14990234375
2023-05-19 10:30:00,4211.3798828125
2023-05-19 11:30:00,4191.72021484375
2023-05-19 12:30:00,4188.5498046875
2023-05-19 13:30:00,4193.64013671875
2023-05-19 14:30:00,4184.68017578125
2023-05-19 15:30:00,4187.7998046875
2023-05-22 09:30:00,4190.77978515625
2023-05-22 10:30:00,4196.75
2023-05-22 11:30:00,4198.22021484375
2023-05-22 12:30:00,4194.27978515625
2023-05-22 13:30:00,4196.35986328125
2023-05-22 14:30:00,4202.1298828125
2023-05-22 15:30:00,4195.6298828125
2023-05-23 09:30:00,4176.7998046875
2023-05-23 10:30:00,4182.66015625
2023-05-23 11:30:00,4184.2001953125
2023-05-23 12:30:00,4177.6201171875
2023-05-23 13:30:00,4163.009765625
2023-05-23 14:30:00,4148.66015625
2023-05-23 15:30:00,4152.60009765625
2023-05-24 09:30:00,4132.9599609375
2023-05-24 10:30:00,4111.81005859375
2023-05-24 11:30:00,4116.81005859375
2023-05-24 12:30:00,4105.39990234375
2023-05-24 13:30:00,4109.66015625
2023-05-24 14:30:00,4108.3701171875
2023-05-24 15:30:00,4125.10986328125
2023-05-25 09:30:00,4155.7099609375
2023-05-25 10:30:00,4136.7001953125
2023-05-25 11:30:00,4141.25
2023-05-25 12:30:00,4146.419921875
2023-05-25 13:30:00,4152.06982421875
2023-05-25 14:30:00,4155.9501953125
2023-05-25 15:30:00,4158.14990234375
2023-05-26 09:30:00,4156.16015625
2023-05-26 10:30:00,4196.759765625
2023-05-26 11:30:00,4190.43017578125
2023-05-26 12:30:00,4202.91015625
2023-05-26 13:30:00,4201.47998046875
2023-05-26 14:30:00,4203.10986328125
2023-05-26 15:30:00,4206.72998046875
2023-05-30 09:30:00,4224.93994140625
2023-05-30 10:30:00,4211.1298828125
2023-05-30 11:30:00,4209.27978515625
2023-05-30 12:30:00,4205.759765625
2023-05-30 13:30:00,4199.02001953125
2023-05-30 14:30:00,4205.02001953125
2023-05-30 15:30:00,4207.39013671875
2023-05-31 09:30:00,4190.740234375
2023-05-31 10:30:00,4172.25
2023-05-31 11:30:00,4166.64013671875
2023-05-31 12:30:00,4171.419921875
2023-05-31 13:30:00,4179.759765625
2023-05-31 14:30:00,4189.68017578125
2023-05-31 15:30:00,4186.02001953125
2023-06-01 09:30:00,4183.02978515625
2023-06-01 10:30:00,4183.580078125
2023-06-01 11:30:00,4204.6201171875
2023-06-01 12:30:00,4220.330078125
2023-06-01 13:30:00,4218.1298828125
2023-06-01 14:30:00,4223.75
2023-06-01 15:30:00,4222.22021484375
2023-06-02 09:30:00,4241.009765625
2023-06-02 10:30:00,4258.35986328125
2023-06-02 11:30:00,4278.8798828125
2023-06-02 12:30:00,4277.52978515625
2023-06-02 13:30:00,4285.93994140625
2023-06-02 14:30:00,4282.64013671875
2023-06-02 15:30:00,4284.4599609375
2023-06-05 09:30:00,4282.990234375
2023-06-05 10:30:00,4282.2900390625
2023-06-05 11:30:00,4292.02001953125
2023-06-05 12:30:00,4295.7900390625
2023-06-05 13:30:00,4288.16015625
2023-06-05 14:30:00,4282.81005859375
2023-06-05 15:30:00,4274.85009765625
2023-06-06 09:30:00,4271.33984375
2023-06-06 10:30:00,4276.97021484375
2023-06-06 11:30:00,4277.3798828125
2023-06-06 12:30:00,4279.509765625
2023-06-06 13:30:00,4275.22998046875
2023-06-06 14:30:00,4277.0
2023-06-06 15:30:00,4283.68017578125
2023-06-07 09:30:00,4285.47021484375
2023-06-07 10:30:00,4286.5
2023-06-07 11:30:00,4280.31005859375
2023-06-07 12:30:00,4271.31982421875
2023-06-07 13:30:00,4268.52001953125
2023-06-07 14:30:00,4272.43017578125
2023-06-07 15:30:00,4271.490234375
2023-06-08 09:30:00,4268.68994140625
2023-06-08 10:30:00,4276.2001953125
2023-06-08 11:30:00,4284.91015625
2023-06-08 12:30:00,4293.2001953125
2023-06-08 13:30:00,4286.22998046875
2023-06-08 14:30:00,4288.93994140625
2023-06-08 15:30:00,4292.22998046875
2023-06-09 09:30:00,4304.8798828125
2023-06-09 10:30:00,4320.740234375
2023-06-09 11:30:00,4301.18994140625
2023-06-09 12:30:00,4295.16015625
2023-06-09 13:30:00,4304.009765625
2023-06-09 14:30:00,4306.41015625
2023-06-09 15:30:00,4303.5
2023-06-12 09:30:00,4308.31982421875
2023-06-12 10:30:00,4309.56005859375
2023-06-12 11:30:00,4308.9599609375
2023-06-12 12:30:00,4314.25
2023-06-12 13:30:00,4315.759765625
2023-06-12 14:30:00,4319.22998046875
2023-06-12 15:30:00,4334.990234375
2023-06-13 09:30:00,4352.60986328125
2023-06-13 10:30:00,4359.02001953125
2023-06-13 11:30:00,4369.3798828125
2023-06-13 12:30:00,4368.580078125
2023-06-13 13:30:00,4372.56005859375
2023-06-13 14:30:00,4361.0
2023-06-13 15:30:00,4365.7001953125
2023-06-14 09:30:00,4366.2900390625
2023-06-14 10:30:00,4378.27001953125
2023-06-14 11:30:00,4387.81005859375
2023-06-14 12:30:00,4383.27001953125
2023-06-14 13:30:00,4374.35986328125
2023-06-14 14:30:00,4346.31005859375
2023-06-14 15:30:00,4367.77001953125
2023-06-15 09:30:00,4365.330078125
2023-06-15 10:30:00,4395.27001953125
2023-06-15 11:30:00,4408.009765625
2023-06-15 12:30:00,4409.75
2023-06-15 13:30:00,4409.3798828125
2023-06-15 14:30:00,4419.2998046875
2023-06-15 15:30:00,4432.22021484375
2023-06-16 09:30:00,4440.9501953125
2023-06-16 10:30:00,4441.2001953125
2023-06-16 11:30:00,4424.72998046875
2023-06-16 12:30:00,4434.2099609375
2023-06-16 13:30:00,4431.52001953125
2023-06-16 14:30:00,4427.43017578125
2023-06-16 15:30:00,4413.0498046875
2023-06-20 09:30:00,4396.10986328125
2023-06-20 10:30:00,4369.669921875
2023-06-20 11:30:00,4376.18017578125
2023-06-20 12:30:00,4388.89013671875
2023-06-20 13:30:00,4397.3701171875
2023-06-20 14:30:00,4396.7998046875
2023-06-20 15:30:00,4391.580078125
2023-06-21 09:30:00,4380.009765625
2023-06-21 10:30:00,4369.47998046875
2023-06-21 11:30:00,4369.72021484375
2023-06-21 12:30:00,4375.2099609375
2023-06-21 13:30:00,4367.68017578125
2023-06-21 14:30:00,4383.43017578125
2023-06-21 15:30:00,4374.10986328125
2023-06-22 09:30:00,4355.39990234375
2023-06-22 10:30:00,4372.39990234375
2023-06-22 11:30:00,4364.52978515625
2023-06-22 12:30:00,4368.580078125
2023-06-22 13:30:00,4366.18994140625
2023-06-22 14:30:00,4375.58984375
2023-06-22 15:30:00,4372.25
2023-06-23 09:30:00,4354.169921875
2023-06-23 10:30:00,4352.89990234375
2023-06-23 11:30:00,4347.56005859375
2023-06-23 12:30:00,4361.490234375
2023-06-23 13:30:00,4364.14990234375
2023-06-23 14:30:00,4356.22021484375
2023-06-23 15:30:00,4347.60009765625
2023-06-26 09:30:00,4344.83984375
2023-06-26 10:30:00,4356.43017578125
2023-06-26 11:30:00,4340.919921875
2023-06-26 12:30:00,4339.5498046875
2023-06-26 13:30:00,4342.10986328125
2023-06-26 14:30:00,4336.93017578125
2023-06-26 15:30:00,4342.43017578125
2023-06-27 09:30:00,4337.35986328125
2023-06-27 10:30:00,4344.2900390625
2023-06-27 11:30:00,4354.77001953125
2023-06-27 12:30:00,4362.60009765625
2023-06-27 13:30:00,4371.5400390625
2023-06-27 14:30:00,4380.759765625
2023-06-27 15:30:00,4383.7099609375
2023-06-28 09:30:00,4367.47998046875
2023-06-28 10:30:00,4371.72998046875
2023-06-28 11:30:00,4376.31005859375
2023-06-28 12:30:00,4381.330078125
2023-06-28 13:30:00,4373.81005859375
2023-06-28 14:30:00,4374.66015625
2023-06-28 15:30:00,4369.7998046875
2023-06-29 09:30:00,4374.93994140625
2023-06-29 10:30:00,4382.31982421875
2023-06-29 11:30:00,4391.97998046875
2023-06-29 12:30:00,4396.7001953125
2023-06-29 13:30:00,4393.009765625
2023-06-29 14:30:00,4387.85009765625
2023-06-29 15:30:00,4392.47998046875
2023-06-30 09:30:00,4422.43994140625
2023-06-30 10:30:00,4445.97998046875
2023-06-30 11:30:00,4442.56005859375
2023-06-30 12:30:00,4446.2001953125
2023-06-30 13:30:00,4450.97998046875
2023-06-30 14:30:00,4456.2998046875
2023-06-30 15:30:00,4456.009765625
2023-07-03 09:30:00,4450.47998046875
2023-07-03 10:30:00,4450.93017578125
2023-07-03 11:30:00,4451.509765625
2023-07-05 09:30:00,4442.0400390625
2023-07-05 10:30:00,4449.919921875
2023-07-05 11:30:00,4450.81982421875
2023-07-05 12:30:00,4447.72998046875
2023-07-05 13:30:00,4446.93994140625
2023-07-05 14:30:00,4442.490234375
2023-07-05 15:30:00,4452.35009765625
2023-07-06 09:30:00,4422.6201171875
2023-07-06 10:30:00,4392.2099609375
2023-07-06 11:30:00,4387.97021484375
2023-07-06 12:30:00,4402.64990234375
2023-07-06 13:30:00,4407.419921875
2023-07-06 14:30:00,4407.60009765625
2023-07-06 15:30:00,4412.22021484375
2023-07-07 09:30:00,4404.5400390625
2023-07-07 10:30:00,4409.02978515625
2023-07-07 11:30:00,4413.56005859375
2023-07-07 12:30:00,4424.7099609375
2023-07-07 13:30:00,4440.2998046875
2023-07-07 14:30:00,4431.8798828125
2023-07-07 15:30:00,4417.0
2023-07-10 09:30:00,4394.22998046875
2023-07-10 10:30:00,4406.60009765625
2023-07-10 11:30:00,4401.240234375
2023-07-10 12:30:00,4397.7099609375
2023-07-10 13:30:00,4405.18017578125
2023-07-10 14:30:00,4407.85009765625
2023-07-10 15:30:00,4403.9599609375
2023-07-11 09:30:00,4415.5498046875
2023-07-11 10:30:00,4416.7001953125
2023-07-11 11:30:00,4419.8701171875
2023-07-11 12:30:00,4422.3701171875
2023-07-11 13:30:00,4422.60009765625
2023-07-11 14:30:00,4420.77001953125
2023-07-11 15:30:00,4429.2998046875
2023-07-12 09:30:00,4467.68994140625
2023-07-12 10:30:00,4485.64013671875
2023-07-12 11:30:00,4479.97998046875
2023-07-12 12:30:00,4467.4599609375
2023-07-12 13:30:00,4475.72998046875
2023-07-12 14:30:00,4480.669921875
2023-07-12 15:30:00,4470.18994140625
2023-07-13 09:30:00,4491.5
2023-07-13 10:30:00,4492.93994140625
2023-07-13 11:30:00,4494.5498046875
2023-07-13 12:30:00,4499.4599609375
2023-07-13 13:30:00,4500.72021484375
2023-07-13 14:30:00,4502.68994140625
2023-07-13 15:30:00,4511.75
2023-07-14 09:30:00,4514.60986328125
2023-07-14 10:30:00,4518.7900390625
2023-07-14 11:30:00,4517.60986328125
2023-07-14 12:30:00,4511.7998046875
2023-07-14 13:30:00,4511.330078125
2023-07-14 14:30:00,4509.43994140625
2023-07-14 15:30:00,4504.64990234375
2023-07-17 09:30:00,4508.85986328125
2023-07-17 10:30:00,4511.8701171875
2023-07-17 11:30:00,4517.259765625
2023-07-17 12:30:00,4516.2998046875
2023-07-17 13:30:00,4518.2001953125
2023-07-17 14:30:00,4523.8798828125
2023-07-17 15:30:00,4529.39990234375
2023-07-18 09:30:00,4521.77978515625
2023-07-18 10:30:00,4530.06005859375
2023-07-18 11:30:00,4537.080078125
2023-07-18 12:30:00,4543.91015625
2023-07-18 13:30:00,4545.9501953125
2023-07-18 14:30:00,4556.83984375
2023-07-18 15:30:00,4558.990234375
2023-07-19 09:30:00,4563.8701171875
2023-07-19 10:30:00,4572.4501953125
2023-07-19 11:30:00,4571.56005859375
2023-07-19 12:30:00,4567.7998046875
2023-07-19 13:30:00,4565.22998046875
2023-07-19 14:30:00,4560.60986328125
2023-07-19 15:30:00,4572.0400390625
2023-07-20 09:30:00,4554.3798828125
2023-07-20 10:30:00,4547.580078125
2023-07-20 11:30:00,4550.31005859375
2023-07-20 12:30:00,4551.75
2023-07-20 13:30:00,4550.06005859375
2023-07-20 14:30:00,4534.259765625
2023-07-20 15:30:00,4528.27978515625
2023-07-21 09:30:00,4550.16015625
2023-07-21 10:30:00,4536.89013671875
2023-07-21 11:30:00,4551.47021484375
2023-07-21 12:30:00,4544.64990234375
2023-07-21 13:30:00,4551.2099609375
2023-07-21 14:30:00,4546.81982421875
2023-07-21 15:30:00,4539.990234375
2023-07-24 09:30:00,4543.39013671875
2023-07-24 10:30:00,4554.7900390625
2023-07-24 11:30:00,4556.14013671875
2023-07-24 12:30:00,4558.2998046875
2023-07-24 13:30:00,4557.7998046875
2023-07-24 14:30:00,4559.3701171875
2023-07-24 15:30:00,4547.81005859375
2023-07-25 09:30:00,4555.18994140625
2023-07-25 10:30:00,4561.16015625
2023-07-25 11:30:00,4563.18994140625
2023-07-25 12:30:00,4567.43994140625
2023-07-25 13:30:00,4573.41015625
2023-07-25 14:30:00,4576.93994140625
2023-07-25 15:30:00,4573.10986328125
2023-07-26 09:30:00,4558.9599609375
2023-07-26 10:30:00,4560.06005859375
2023-07-26 11:30:00,4557.08984375
2023-07-26 12:30:00,4559.4501953125
2023-07-26 13:30:00,4555.93994140625
2023-07-26 14:30:00,4556.64990234375
2023-07-26 15:30:00,4558.2001953125
2023-07-27 09:30:00,4598.259765625
2023-07-27 10:30:00,4589.31982421875
2023-07-27 11:30:00,4589.85009765625
2023-07-27 12:30:00,4596.97021484375
2023-07-27 13:30:00,4576.43017578125
2023-07-27 14:30:00,4552.33984375
2023-07-27 15:30:00,4540.31005859375
2023-07-28 09:30:00,4565.75
2023-07-28 10:30:00,4576.43017578125
2023-07-28 11:30:00,4586.89013671875
2023-07-28 12:30:00,4588.97021484375
2023-07-28 13:30:00,4574.7900390625
2023-07-28 14:30:00,4581.43994140625
2023-07-28 15:30:00,4579.2900390625
2023-07-31 09:30:00,4584.81982421875
2023-07-31 10:30:00,4589.35009765625
2023-07-31 11:30:00,4585.7001953125
2023-07-31 12:30:00,4584.68994140625
2023-07-31 13:30:00,4578.7998046875
2023-07-31 14:30:00,4579.419921875
2023-07-31 15:30:00,4579.43994140625
2023-08-01 09:30:00,4578.830078125
2023-08-01 10:30:00,4571.64013671875
2023-08-01 11:30:00,4574.9599609375
2023-08-01 12:30:00,4570.27001953125
2023-08-01 13:30:00,4575.7001953125
2023-08-01 14:30:00,4578.1298828125
2023-08-01 15:30:00,4579.330078125
2023-08-02 09:30:00,4550.93017578125
2023-08-02 10:30:00,4531.9599609375
2023-08-02 11:30:00,4523.08984375
2023-08-02 12:30:00,4514.02978515625
2023-08-02 13:30:00,4522.93994140625
2023-08-02 14:30:00,4520.0
2023-08-02 15:30:00,4506.22998046875
2023-08-03 09:30:00,4494.27001953125
2023-08-03 10:30:00,4485.97998046875
2023-08-03 11:30:00,4506.02978515625
2023-08-03 12:30:00,4508.56005859375
2023-08-03 13:30:00,4516.2998046875
2023-08-03 14:30:00,4510.0400390625
2023-08-03 15:30:00,4504.31982421875
2023-08-04 09:30:00,4514.10009765625
2023-08-04 10:30:00,4515.419921875
2023-08-04 11:30:00,4527.2001953125
2023-08-04 12:30:00,4536.4501953125
2023-08-04 13:30:00,4528.1298828125
2023-08-04 14:30:00,4494.02978515625
2023-08-04 15:30:00,4482.60986328125
2023-08-07 09:30:00,4491.580078125
2023-08-07 10:30:00,4507.2001953125
2023-08-07 11:30:00,4498.02001953125
2023-08-07 12:30:00,4507.22021484375
2023-08-07 13:30:00,4507.830078125
2023-08-07 14:30:00,4507.66015625
2023-08-07 15:30:00,4508.97021484375
2023-08-08 09:30:00,4498.02978515625
2023-08-08 10:30:00,4473.3798828125
2023-08-08 11:30:00,4473.31005859375
2023-08-08 12:30:00,4476.0
2023-08-08 13:30:00,4480.39990234375
2023-08-08 14:30:00,4487.919921875
2023-08-08 15:30:00,4497.27978515625
2023-08-09 09:30:00,4501.56982421875
2023-08-09 10:30:00,4495.4599609375
2023-08-09 11:30:00,4471.169921875
2023-08-09 12:30:00,4470.919921875
2023-08-09 13:30:00,4484.81005859375
2023-08-09 14:30:00,4495.7900390625
2023-08-09 15:30:00,4488.77978515625
2023-08-10 09:30:00,4487.16015625
2023-08-10 10:30:00,4519.47998046875
2023-08-10 11:30:00,4499.0400390625
2023-08-10 12:30:00,4478.93017578125
2023-08-10 13:30:00,4470.89013671875
2023-08-10 14:30:00,4475.10009765625
2023-08-10 15:30:00,4472.41015625
2023-08-11 09:30:00,4450.68994140625
2023-08-11 10:30:00,4470.16015625
2023-08-11 11:30:00,4455.5498046875
2023-08-11 12:30:00,4460.4599609375
2023-08-11 13:30:00,4463.8798828125
2023-08-11 14:30:00,4466.3701171875
2023-08-11 15:30:00,4468.56005859375
2023-08-14 09:30:00,4458.1298828125
2023-08-14 10:30:00,4468.56982421875
2023-08-14 11:30:00,4480.97021484375
2023-08-14 12:30:00,4476.1298828125
2023-08-14 13:30:00,4482.830078125
2023-08-14 14:30:00,4477.64013671875
2023-08-14 15:30:00,4478.2001953125
2023-08-15 09:30:00,4478.8701171875
2023-08-15 10:30:00,4449.06005859375
2023-08-15 11:30:00,4457.419921875
2023-08-15 12:30:00,4455.2001953125
2023-08-15 13:30:00,4453.8798828125
2023-08-15 14:30:00,4447.490234375
2023-08-15 15:30:00,4435.47998046875
2023-08-16 09:30:00,4433.7900390625
2023-08-16 10:30:00,4442.16015625
2023-08-16 11:30:00,4442.830078125
2023-08-16 12:30:00,4426.259765625
2023-08-16 13:30:00,4421.240234375
2023-08-16 14:30:00,4434.2900390625
2023-08-16 15:30:00,4409.18017578125
2023-08-17 09:30:00,4416.31982421875
2023-08-17 10:30:00,4408.22998046875
2023-08-17 11:30:00,4400.0
2023-08-17 12:30:00,4410.52001953125
2023-08-17 13:30:00,4400.02978515625
2023-08-17 14:30:00,4391.93994140625
2023-08-17 15:30:00,4374.85986328125
2023-08-18 09:30:00,4344.8798828125
2023-08-18 10:30:00,4345.35986328125
2023-08-18 11:30:00,4359.39990234375
2023-08-18 12:30:00,4364.16015625
2023-08-18 13:30:00,4361.68994140625
2023-08-18 14:30:00,4366.2900390625
2023-08-18 15:30:00,4367.7998046875
2023-08-21 09:30:00,4380.27978515625
2023-08-21 10:30:00,4373.1201171875
2023-08-21 11:30:00,4366.669921875
2023-08-21 12:30:00,4375.9599609375
2023-08-21 13:30:00,4385.81005859375
2023-08-21 14:30:00,4390.1201171875
2023-08-21 15:30:00,4400.89013671875
2023-08-22 09:30:00,4415.330078125
2023-08-22 10:30:00,4402.14990234375
2023-08-22 11:30:00,4400.58984375
2023-08-22 12:30:00,4392.06982421875
2023-08-22 13:30:00,4389.0400390625
2023-08-22 14:30:00,4392.490234375
2023-08-22 15:30:00,4391.669921875
2023-08-23 09:30:00,4396.43994140625
2023-08-23 10:30:00,4415.7099609375
2023-08-23 11:30:00,4428.52001953125
2023-08-23 12:30:00,4427.60986328125
2023-08-23 13:30:00,4439.16015625
2023-08-23 14:30:00,4436.22021484375
2023-08-23 15:30:00,4438.64013671875
2023-08-24 09:30:00,4455.16015625
2023-08-24 10:30:00,4428.56005859375
2023-08-24 11:30:00,4412.8701171875
2023-08-24 12:30:00,4406.7099609375
2023-08-24 13:30:00,4397.97021484375
2023-08-24 14:30:00,4397.83984375
2023-08-24 15:30:00,4392.9501953125
2023-08-25 09:30:00,4389.3798828125
2023-08-25 10:30:00,4382.06005859375
2023-08-25 11:30:00,4385.85986328125
2023-08-25 12:30:00,4393.97998046875
2023-08-25 13:30:00,4386.669921875
2023-08-25 14:30:00,4409.580078125
2023-08-25 15:30:00,4415.419921875
2023-08-28 09:30:00,4426.02978515625
2023-08-28 10:30:00,4437.43994140625
2023-08-28 11:30:00,4420.47998046875
2023-08-28 12:30:00,4418.3701171875
2023-08-28 13:30:00,4433.39990234375
2023-08-28 14:30:00,4418.4599609375
2023-08-28 15:30:00,4424.35009765625
2023-08-29 09:30:00,4432.75
2023-08-29 10:30:00,4465.85986328125
2023-08-29 11:30:00,4474.6201171875
2023-08-29 12:30:00,4489.18994140625
2023-08-29 13:30:00,4488.83984375
2023-08-29 14:30:00,4489.72021484375
2023-08-29 15:30:00,4497.9501953125
2023-08-30 09:30:00,4500.33984375
2023-08-30 10:30:00,4498.259765625
2023-08-30 11:30:00,4510.169921875
2023-08-30 12:30:00,4518.64013671875
2023-08-30 13:30:00,4515.18017578125
2023-08-30 14:30:00,4506.85009765625
2023-08-30 15:30:00,4514.47021484375
2023-08-31 09:30:00,4517.009765625
2023-08-31 10:30:00,4530.8798828125
2023-08-31 11:30:00,4525.0
2023-08-31 12:30:00,4517.919921875
2023-08-31 13:30:00,4521.68994140625
2023-08-31 14:30:00,4524.02001953125
2023-08-31 15:30:00,4516.0400390625
2023-09-01 09:30:00,4530.60009765625
2023-09-01 10:30:00,4530.919921875
2023-09-01 11:30:00,4512.7900390625
2023-09-01 12:30:00,4510.1201171875
2023-09-01 13:30:00,4508.18017578125
2023-09-01 14:30:00,4505.77001953125
2023-09-01 15:30:00,4514.31005859375
2023-09-05 09:30:00,4510.06005859375
2023-09-05 10:30:00,4502.83984375
2023-09-05 11:30:00,4507.080078125
2023-09-05 12:30:00,4507.9501953125
2023-09-05 13:30:00,4500.02001953125
2023-09-05 14:30:00,4507.740234375
2023-09-05 15:30:00,4502.259765625
2023-09-06 09:30:00,4490.35009765625
2023-09-06 10:30:00,4464.39990234375
2023-09-06 11:30:00,4461.85009765625
2023-09-06 12:30:00,4452.58984375
2023-09-06 13:30:00,4452.7900390625
2023-09-06 14:30:00,4460.7900390625
2023-09-06 15:30:00,4461.81982421875
2023-09-07 09:30:00,4434.5498046875
2023-09-07 10:30:00,4435.6201171875
2023-09-07 11:30:00,4444.740234375
2023-09-07 12:30:00,4453.7099609375
2023-09-07 13:30:00,4453.5400390625
2023-09-07 14:30:00,4447.3798828125
2023-09-07 15:30:00,4452.4599609375
2023-09-08 09:30:00,4451.2998046875
2023-09-08 10:30:00,4471.1201171875
2023-09-08 11:30:00,4468.4599609375
2023-09-08 12:30:00,4465.52978515625
2023-09-08 13:30:00,4460.33984375
2023-09-08 14:30:00,4456.1298828125
2023-09-08 15:30:00,4449.47021484375
2023-09-11 09:30:00,4480.97998046875
2023-09-11 10:30:00,4480.580078125
2023-09-11 11:30:00,4475.89990234375
2023-09-11 12:30:00,4480.10009765625
2023-09-11 13:30:00,4484.68017578125
2023-09-11 14:30:00,4487.080078125
2023-09-11 15:30:00,4488.8798828125
2023-09-12 09:30:00,4473.27001953125
2023-09-12 10:30:00,4468.93994140625
2023-09-12 11:30:00,4470.1298828125
2023-09-12 12:30:00,4475.64013671875
2023-09-12 13:30:00,4485.1201171875
2023-09-12 14:30:00,4471.669921875
2023-09-12 15:30:00,4458.85009765625
2023-09-13 09:30:00,4462.64990234375
2023-09-13 10:30:00,4464.06005859375
2023-09-13 11:30:00,4477.66015625
2023-09-13 12:30:00,4476.3798828125
2023-09-13 13:30:00,4475.72998046875
2023-09-13 14:30:00,4473.830078125
2023-09-13 15:30:00,4462.58984375
2023-09-14 09:30:00,4487.77978515625
2023-09-14 10:30:00,4486.25
2023-09-14 11:30:00,4496.2998046875
2023-09-14 12:30:00,4502.22998046875
2023-09-14 13:30:00,4505.31005859375
2023-09-14 14:30:00,4501.72021484375
2023-09-14 15:30:00,4504.64013671875
2023-09-15 09:30:00,4497.97998046875
2023-09-15 10:30:00,4477.7998046875
2023-09-15 11:30:00,4466.740234375
2023-09-15 12:30:00,4466.669921875
2023-09-15 13:30:00,4451.259765625
2023-09-15 14:30:00,4450.10009765625
2023-09-15 15:30:00,4454.31982421875
2023-09-18 09:30:00,4445.1298828125
2023-09-18 10:30:00,4450.919921875
2023-09-18 11:30:00,4457.35009765625
2023-09-18 12:30:00,4463.39013671875
2023-09-18 13:30:00,4461.64013671875
2023-09-18 14:30:00,4457.85986328125
2023-09-18 15:30:00,4452.39013671875
2023-09-19 09:30:00,4445.41015625
2023-09-19 10:30:00,4433.22021484375
2023-09-19 11:30:00,4425.7001953125
2023-09-19 12:30:00,4422.58984375
2023-09-19 13:30:00,4428.009765625
2023-09-19 14:30:00,4437.60009765625
2023-09-19 15:30:00,4441.77001953125
2023-09-20 09:30:00,4452.81005859375
2023-09-20 10:30:00,4454.60009765625
2023-09-20 11:30:00,4449.52978515625
2023-09-20 12:30:00,4454.89013671875
2023-09-20 13:30:00,4453.10009765625
2023-09-20 14:30:00,4442.7900390625
2023-09-20 15:30:00,4425.330078125
2023-09-21 09:30:00,4374.35986328125
2023-09-21 10:30:00,4363.2998046875
2023-09-21 11:30:00,4354.47998046875
2023-09-21 12:30:00,4353.81982421875
2023-09-21 13:30:00,4362.7099609375
2023-09-21 14:30:00,4349.7099609375
2023-09-21 15:30:00,4337.83984375
2023-09-22 09:30:00,4341.740234375
2023-09-22 10:30:00,4344.330078125
2023-09-22 11:30:00,4355.31005859375
2023-09-22 12:30:00,4349.0400390625
2023-09-22 13:30:00,4338.0498046875
2023-09-22 14:30:00,4326.64990234375
2023-09-22 15:30:00,4342.39990234375
2023-09-25 09:30:00,4310.6201171875
2023-09-25 10:30:00,4311.89013671875
2023-09-25 11:30:00,4326.330078125
2023-09-25 12:30:00,4335.31982421875
2023-09-25 13:30:00,4325.72998046875
2023-09-25 14:30:00,4326.43017578125
2023-09-25 15:30:00,4326.7099609375
2023-09-26 09:30:00,4312.8798828125
2023-09-26 10:30:00,4294.52978515625
2023-09-26 11:30:00,4283.39013671875
2023-09-26 12:30:00,4291.9501953125
2023-09-26 13:30:00,4285.77978515625
2023-09-26 14:30:00,4274.7001953125
2023-09-26 15:30:00,4268.02001953125
2023-09-27 09:30:00,4282.6298828125
2023-09-27 10:30:00,4283.68017578125
2023-09-27 11:30:00,4274.97021484375
2023-09-27 12:30:00,4257.169921875
2023-09-27 13:30:00,4243.72998046875
2023-09-27 14:30:00,4259.47021484375
2023-09-27 15:30:00,4280.9599609375
2023-09-28 09:30:00,4269.64990234375
2023-09-28 10:30:00,4278.81982421875
2023-09-28 11:30:00,4298.1201171875
2023-09-28 12:30:00,4316.5498046875
2023-09-28 13:30:00,4299.9599609375
2023-09-28 14:30:00,4303.8798828125
2023-09-28 15:30:00,4312.06005859375
2023-09-29 09:30:00,4328.18017578125
2023-09-29 10:30:00,4318.27978515625
2023-09-29 11:30:00,4315.240234375
2023-09-29 12:30:00,4309.25
2023-09-29 13:30:00,4289.8701171875
2023-09-29 14:30:00,4277.43994140625
2023-09-29 15:30:00,4291.08984375
2023-10-02 09:30:00,4284.52001953125
2023-10-02 10:30:00,4282.52978515625
2023-10-02 11:30:00,4298.3701171875
2023-10-02 12:30:00,4270.5
2023-10-02 13:30:00,4271.259765625
2023-10-02 14:30:00,4264.169921875
2023-10-02 15:30:00,4272.919921875
2023-10-03 09:30:00,4269.75
2023-10-03 10:30:00,4240.0400390625
2023-10-03 11:30:00,4230.06982421875
2023-10-03 12:30:00,4238.66015625
2023-10-03 13:30:00,4232.77978515625
2023-10-03 14:30:00,4219.35986328125
2023-10-03 15:30:00,4220.6201171875
2023-10-04 09:30:00,4233.830078125
2023-10-04 10:30:00,4220.85009765625
2023-10-04 11:30:00,4242.52001953125
2023-10-04 12:30:00,4254.27978515625
2023-10-04 13:30:00,4240.68017578125
2023-10-04 14:30:00,4239.2001953125
2023-10-04 15:30:00,4258.7001953125
2023-10-05 09:30:00,4259.31005859375
2023-10-05 10:30:00,4248.43994140625
2023-10-05 11:30:00,4233.919921875
2023-10-05 12:30:00,4245.7099609375
2023-10-05 13:30:00,4242.72998046875
2023-10-05 14:30:00,4256.4599609375
2023-10-05 15:30:00,4262.5
2023-10-06 09:30:00,4234.7900390625
2023-10-06 10:30:00,4242.56005859375
2023-10-06 11:30:00,4270.81982421875
2023-10-06 12:30:00,4295.60986328125
2023-10-06 13:30:00,4307.27001953125
2023-10-06 14:30:00,4317.43994140625
2023-10-06 15:30:00,4321.009765625
2023-10-09 09:30:00,4289.02001953125
2023-10-09 10:30:00,4296.6298828125
2023-10-09 11:30:00,4300.18994140625
2023-10-09 12:30:00,4305.330078125
2023-10-09 13:30:00,4312.47998046875
2023-10-09 14:30:00,4337.6201171875
2023-10-09 15:30:00,4336.06982421875
2023-10-10 09:30:00,4339.75
2023-10-10 10:30:00,4364.2001953125
2023-10-10 11:30:00,4377.18017578125
2023-10-10 12:30:00,4384.06982421875
2023-10-10 13:30:00,4367.14990234375
2023-10-10 14:30:00,4361.009765625
2023-10-10 15:30:00,4360.83984375
2023-10-11 09:30:00,4366.58984375
2023-10-11 10:30:00,4363.27001953125
2023-10-11 11:30:00,4357.72021484375
2023-10-11 12:30:00,4352.18017578125
2023-10-11 13:30:00,4350.27978515625
2023-10-11 14:30:00,4359.2998046875
2023-10-11 15:30:00,4367.6298828125
2023-10-12 09:30:00,4380.93994140625
2023-10-12 10:30:00,4372.2998046875
2023-10-12 11:30:00,4374.8798828125
2023-10-12 12:30:00,4384.89990234375
2023-10-12 13:30:00,4347.25
2023-10-12 14:30:00,4338.60986328125
2023-10-12 15:30:00,4346.64990234375
2023-10-13 09:30:00,4360.490234375
2023-10-13 10:30:00,4357.330078125
2023-10-13 11:30:00,4334.0
2023-10-13 12:30:00,4341.60009765625
2023-10-13 13:30:00,4314.89990234375
2023-10-13 14:30:00,4327.06982421875
2023-10-13 15:30:00,4323.7099609375
2023-10-16 09:30:00,4342.3701171875
2023-10-16 10:30:00,4371.4599609375
2023-10-16 11:30:00,4378.009765625
2023-10-16 12:30:00,4373.33984375
2023-10-16 13:30:00,4368.97998046875
2023-10-16 14:30:00,4372.18017578125
2023-10-16 15:30:00,4381.35986328125
2023-10-17 09:30:00,4345.22998046875
2023-10-17 10:30:00,4359.68994140625
2023-10-17 11:30:00,4372.10009765625
2023-10-17 12:30:00,4393.0
2023-10-17 13:30:00,4376.25
2023-10-17 14:30:00,4364.3798828125
2023-10-17 15:30:00,4367.39990234375
2023-10-18 09:30:00,4357.35009765625
2023-10-18 10:30:00,4349.14990234375
2023-10-18 11:30:00,4341.31982421875
2023-10-18 12:30:00,4332.93017578125
2023-10-18 13:30:00,4342.68994140625
2023-10-18 14:30:00,4333.330078125
2023-10-18 15:30:00,4316.919921875
2023-10-19 09:30:00,4321.35986328125
2023-10-19 10:30:00,4303.419921875
2023-10-19 11:30:00,4307.02978515625
2023-10-19 12:30:00,4313.02001953125
2023-10-19 13:30:00,4328.4501953125
2023-10-19 14:30:00,4302.22998046875
2023-10-19 15:30:00,4278.72998046875
2023-10-20 09:30:00,4273.85009765625
2023-10-20 10:30:00,4245.18994140625
2023-10-20 11:30:00,4234.81982421875
2023-10-20 12:30:00,4241.89013671875
2023-10-20 13:30:00,4253.169921875
2023-10-20 14:30:00,4238.10986328125
2023-10-20 15:30:00,4235.18994140625
2023-10-23 09:30:00,4210.39990234375
2023-10-23 10:30:00,4220.56005859375
2023-10-23 11:30:00,4235.8798828125
2023-10-23 12:30:00,4239.919921875
2023-10-23 13:30:00,4241.080078125
2023-10-23 14:30:00,4235.83984375
2023-10-23 15:30:00,4222.31005859375
2023-10-24 09:30:00,4235.7900390625
2023-10-24 10:30:00,4255.39013671875
2023-10-24 11:30:00,4241.3798828125
2023-10-24 12:30:00,4227.22021484375
2023-10-24 13:30:00,4232.990234375
2023-10-24 14:30:00,4241.240234375
2023-10-24 15:30:00,4252.0400390625
2023-10-25 09:30:00,4232.419921875
2023-10-25 10:30:00,4204.7998046875
2023-10-25 11:30:00,4220.8701171875
2023-10-25 12:30:00,4203.64013671875
2023-10-25 13:30:00,4191.0400390625
2023-10-25 14:30:00,4188.81005859375
2023-10-25 15:30:00,4190.8701171875
2023-10-26 09:30:00,4175.990234375
2023-10-26 10:30:00,4165.330078125
2023-10-26 11:30:00,4154.89990234375
2023-10-26 12:30:00,4140.85009765625
2023-10-26 13:30:00,4133.169921875
2023-10-26 14:30:00,4153.1298828125
2023-10-26 15:30:00,4153.27001953125
2023-10-27 09:30:00,4152.93017578125
2023-10-27 10:30:00,4141.58984375
2023-10-27 11:30:00,4150.7900390625
2023-10-27 12:30:00,4136.43994140625
2023-10-27 13:30:00,4118.68017578125
2023-10-27 14:30:00,4109.10986328125
2023-10-27 15:30:00,4115.52001953125
2023-10-30 09:30:00,4139.39013671875
2023-10-30 10:30:00,4140.39990234375
2023-10-30 11:30:00,4140.14990234375
2023-10-30 12:30:00,4144.35986328125
2023-10-30 13:30:00,4161.14013671875
2023-10-30 14:30:00,4163.509765625
2023-10-30 15:30:00,4172.9599609375
2023-10-31 09:30:00,4171.330078125
2023-10-31 10:30:00,4167.93994140625
2023-10-31 11:30:00,4167.6201171875
2023-10-31 12:30:00,4169.6298828125
2023-10-31 13:30:00,4180.0
2023-10-31 14:30:00,4181.56005859375
2023-10-31 15:30:00,4193.009765625
2023-11-01 09:30:00,4201.27001953125
2023-11-01 10:30:00,4222.72021484375
2023-11-01 11:30:00,4214.31005859375
2023-11-01 12:30:00,4211.009765625
2023-11-01 13:30:00,4208.509765625
2023-11-01 14:30:00,4214.9501953125
2023-11-01 15:30:00,4239.22998046875
2023-11-02 09:30:00,4268.259765625
2023-11-02 10:30:00,4293.0400390625
2023-11-02 11:30:00,4298.1201171875
2023-11-02 12:30:00,4298.14013671875
2023-11-02 13:30:00,4307.10986328125
2023-11-02 14:30:00,4312.4599609375
2023-11-02 15:30:00,4313.669921875
2023-11-03 09:30:00,4334.22998046875
2023-11-03 10:30:00,4349.06982421875
2023-11-03 11:30:00,4350.43017578125
2023-11-03 12:30:00,4366.35009765625
2023-11-03 13:30:00,4361.3798828125
2023-11-03 14:30:00,4368.009765625
2023-11-03 15:30:00,4365.39990234375
2023-11-06 09:30:00,4364.27001953125
2023-11-06 10:30:00,4363.52978515625
2023-11-06 11:30:00,4365.259765625
2023-11-06 12:30:00,4361.14013671875
2023-11-06 13:30:00,4352.52001953125
2023-11-06 14:30:00,4353.2001953125
2023-11-06 15:30:00,4360.85009765625
2023-11-07 09:30:00,4366.2099609375
2023-11-07 10:30:00,4375.18017578125
2023-11-07 11:30:00,4381.27001953125
2023-11-07 12:30:00,4373.5498046875
2023-11-07 13:30:00,4381.02978515625
2023-11-07 14:30:00,4383.60986328125
2023-11-07 15:30:00,4382.56005859375
2023-11-08 09:30:00,4384.3701171875
2023-11-08 10:30:00,4379.66015625
2023-11-08 11:30:00,4375.580078125
2023-11-08 12:30:00,4365.31982421875
2023-11-08 13:30:00,4374.41015625
2023-11-08 14:30:00,4380.72998046875
2023-11-08 15:30:00,4379.81005859375
2023-11-09 09:30:00,4391.41015625
2023-11-09 10:30:00,4374.330078125
2023-11-09 11:30:00,4383.91015625
2023-11-09 12:30:00,4381.490234375
2023-11-09 13:30:00,4373.68994140625
2023-11-09 14:30:00,4357.330078125
2023-11-09 15:30:00,4347.06982421875
2023-11-10 09:30:00,4364.14990234375
2023-11-10 10:30:00,4356.91015625
2023-11-10 11:30:00,4375.080078125
2023-11-10 12:30:00,4382.60009765625
2023-11-10 13:30:00,4398.7099609375
2023-11-10 14:30:00,4407.02978515625
2023-11-10 15:30:00,4412.7001953125
2023-11-13 09:30:00,4406.66015625
2023-11-13 10:30:00,4401.0498046875
2023-11-13 11:30:00,4413.830078125
2023-11-13 12:30:00,4416.6201171875
2023-11-13 13:30:00,4410.6201171875
2023-11-13 14:30:00,4418.02978515625
2023-11-13 15:30:00,4416.41015625
2023-11-14 09:30:00,4458.97021484375
2023-11-14 10:30:00,4496.64990234375
2023-11-14 11:30:00,4502.85986328125
2023-11-14 12:30:00,4489.43994140625
2023-11-14 13:30:00,4496.56982421875
2023-11-14 14:30:00,4493.6201171875
2023-11-14 15:30:00,4506.75
2023-11-15 09:30:00,4505.2998046875
2023-11-15 10:30:00,4514.64990234375
2023-11-15 11:30:00,4515.6298828125
2023-11-15 12:30:00,4508.9501953125
2023-11-15 13:30:00,4504.68017578125
2023-11-15 14:30:00,4511.509765625
2023-11-15 15:30:00,4508.10986328125
2023-11-16 09:30:00,4497.080078125
2023-11-16 10:30:00,4505.77001953125
2023-11-16 11:30:00,4489.52978515625
2023-11-16 12:30:00,4499.14013671875
2023-11-16 13:30:00,4500.5498046875
2023-11-16 14:30:00,4495.7099609375
2023-11-16 15:30:00,4502.22998046875
2023-11-17 09:30:00,4509.5498046875
2023-11-17 10:30:00,4509.08984375
2023-11-17 11:30:00,4504.2998046875
2023-11-17 12:30:00,4507.64013671875
2023-11-17 13:30:00,4513.47021484375
2023-11-17 14:30:00,4515.56005859375
2023-11-17 15:30:00,4517.080078125
2023-11-20 09:30:00,4511.7001953125
2023-11-20 10:30:00,4525.56982421875
2023-11-20 11:30:00,4532.33984375
2023-11-20 12:30:00,4534.72998046875
2023-11-20 13:30:00,4543.169921875
2023-11-20 14:30:00,4545.91015625
2023-11-20 15:30:00,4556.2900390625
2023-11-21 09:30:00,4538.77001953125
2023-11-21 10:30:00,4527.009765625
2023-11-21 11:30:00,4531.10009765625
2023-11-21 12:30:00,4537.66015625
2023-11-21 13:30:00,4534.580078125
2023-11-21 14:30:00,4538.60986328125
2023-11-21 15:30:00,4539.0
2023-11-22 09:30:00,4553.0400390625
2023-11-22 10:30:00,4555.27001953125
2023-11-22 11:30:00,4555.64990234375
2023-11-22 12:30:00,4559.990234375
2023-11-22 13:30:00,4561.33984375
2023-11-22 14:30:00,4560.72998046875
2023-11-22 15:30:00,4558.490234375
2023-11-24 09:30:00,4555.83984375
2023-11-24 10:30:00,4555.75
2023-11-24 11:30:00,4556.6298828125
2023-11-27 09:30:00,4554.85986328125
2023-11-27 10:30:00,4552.02001953125
2023-11-27 11:30:00,4554.06005859375
2023-11-27 12:30:00,4555.33984375
2023-11-27 13:30:00,4557.93994140625
2023-11-27 14:30:00,4555.330078125
2023-11-27 15:30:00,4554.990234375
2023-11-28 09:30:00,4545.5498046875
2023-11-28 10:30:00,4546.080078125
2023-11-28 11:30:00,4561.35986328125
2023-11-28 12:30:00,4559.68017578125
2023-11-28 13:30:00,4551.2900390625
2023-11-28 14:30:00,4547.97021484375
2023-11-28 15:30:00,4549.669921875
2023-11-29 09:30:00,4571.83984375
2023-11-29 10:30:00,4569.330078125
2023-11-29 11:30:00,4556.31005859375
2023-11-29 12:30:00,4566.759765625
2023-11-29 13:30:00,4567.740234375
2023-11-29 14:30:00,4563.7900390625
2023-11-29 15:30:00,4549.240234375
2023-11-30 09:30:00,4554.8701171875
2023-11-30 10:30:00,4551.41015625
2023-11-30 11:30:00,4547.330078125
2023-11-30 12:30:00,4539.0498046875
2023-11-30 13:30:00,4539.5400390625
2023-11-30 14:30:00,4546.6298828125
2023-11-30 15:30:00,4544.64013671875
2023-12-01 09:30:00,4559.43017578125
2023-12-01 10:30:00,4559.740234375
2023-12-01 11:30:00,4577.56005859375
2023-12-01 12:30:00,4592.43017578125
2023-12-01 13:30:00,4588.5400390625
2023-12-01 14:30:00,4590.31005859375
2023-12-01 15:30:00,4593.419921875
2023-12-04 09:30:00,4564.3701171875
2023-12-04 10:30:00,4551.27978515625
2023-12-04 11:30:00,4553.60986328125
2023-12-04 12:30:00,4565.6298828125
2023-12-04 13:30:00,4561.85986328125
2023-12-04 14:30:00,4561.22021484375
2023-12-04 15:30:00,4563.14013671875
2023-12-05 09:30:00,4557.25
2023-12-05 10:30:00,4566.35009765625
2023-12-05 11:30:00,4565.64013671875
2023-12-05 12:30:00,4565.66015625
2023-12-05 13:30:00,4565.919921875
2023-12-05 14:30:00,4567.43017578125
2023-12-05 15:30:00,4568.1201171875
2023-12-06 09:30:00,4586.22998046875
2023-12-06 10:30:00,4574.169921875
2023-12-06 11:30:00,4571.39990234375
2023-12-06 12:30:00,4565.5498046875
2023-12-06 13:30:00,4566.81982421875
2023-12-06 14:30:00,4561.8701171875
2023-12-06 15:30:00,4552.7001953125
2023-12-07 09:30:00,4568.83984375
2023-12-07 10:30:00,4582.14990234375
2023-12-07 11:30:00,4573.27001953125
2023-12-07 12:30:00,4584.85986328125
2023-12-07 13:30:00,4583.27001953125
2023-12-07 14:30:00,4589.27001953125
2023-12-07 15:30:00,4585.14013671875
2023-12-08 09:30:00,4576.2001953125
2023-12-08 10:30:00,4601.41015625
2023-12-08 11:30:00,4588.990234375
2023-12-08 12:30:00,4590.08984375
2023-12-08 13:30:00,4596.419921875
2023-12-08 14:30:00,4601.3701171875
2023-12-08 15:30:00,4605.8798828125
2023-12-11 09:30:00,4593.39013671875
2023-12-11 10:30:00,4603.89013671875
2023-12-11 11:30:00,4606.9501953125
2023-12-11 12:30:00,4608.91015625
2023-12-11 13:30:00,4616.97998046875
2023-12-11 14:30:00,4619.7001953125
2023-12-11 15:30:00,4617.14013671875
2023-12-12 09:30:00,4618.2998046875
2023-12-12 10:30:00,4622.6201171875
2023-12-12 11:30:00,4627.14990234375
2023-12-12 12:30:00,4630.22021484375
2023-12-12 13:30:00,4630.81982421875
2023-12-12 14:30:00,4634.3701171875
2023-12-12 15:30:00,4642.89990234375
2023-12-13 09:30:00,4646.2001953125
2023-12-13 10:30:00,4650.27001953125
2023-12-13 11:30:00,4650.77001953125
2023-12-13 12:30:00,4647.3798828125
2023-12-13 13:30:00,4643.5498046875
2023-12-13 14:30:00,4676.6298828125
2023-12-13 15:30:00,4690.7001953125
2023-12-14 09:30:00,4721.0400390625
2023-12-14 10:30:00,4723.66015625
2023-12-14 11:30:00,4720.52001953125
2023-12-14 12:30:00,4733.77001953125
2023-12-14 13:30:00,4709.509765625
2023-12-14 14:30:00,4712.97021484375
2023-12-14 15:30:00,4715.77001953125
2023-12-15 09:30:00,4714.22998046875
2023-12-15 10:30:00,4721.06005859375
2023-12-15 11:30:00,4723.3798828125
2023-12-15 12:30:00,4722.91015625
2023-12-15 13:30:00,4717.7998046875
2023-12-15 14:30:00,4705.08984375
2023-12-15 15:30:00,4713.97021484375
2023-12-18 09:30:00,4725.580078125
2023-12-18 10:30:00,4738.68994140625
2023-12-18 11:30:00,4740.5400390625
2023-12-18 12:30:00,4745.31982421875
2023-12-18 13:30:00,4745.490234375
2023-12-18 14:30:00,4744.7900390625
2023-12-18 15:30:00,4747.68994140625
2023-12-19 09:30:00,4743.72021484375
2023-12-19 10:30:00,4758.259765625
2023-12-19 11:30:00,4762.2099609375
2023-12-19 12:30:00,4758.22021484375
2023-12-19 13:30:00,4759.509765625
2023-12-19 14:30:00,4762.8701171875
2023-12-19 15:30:00,4761.759765625
2023-12-20 09:30:00,4764.72998046875
2023-12-20 10:30:00,4770.72998046875
2023-12-20 11:30:00,4772.419921875
2023-12-20 12:30:00,4773.7099609375
2023-12-20 13:30:00,4774.759765625
2023-12-20 14:30:00,4764.93017578125
2023-12-20 15:30:00,4712.259765625
2023-12-21 09:30:00,4724.2900390625
2023-12-21 10:30:00,4730.97998046875
2023-12-21 11:30:00,4734.22998046875
2023-12-21 12:30:00,4714.830078125
2023-12-21 13:30:00,4719.85009765625
2023-12-21 14:30:00,4725.33984375
2023-12-21 15:30:00,4738.009765625
2023-12-22 09:30:00,4753.919921875
2023-12-22 10:30:00,4770.41015625
2023-12-22 11:30:00,4763.2001953125
2023-12-22 12:30:00,4760.5498046875
2023-12-22 13:30:00,4765.419921875
2023-12-22 14:30:00,4740.2099609375
2023-12-22 15:30:00,4758.27978515625
2023-12-26 09:30:00,4758.85986328125
2023-12-26 10:30:00,4768.18017578125
2023-12-26 11:30:00,4766.77978515625
2023-12-26 12:30:00,4770.419921875
2023-12-26 13:30:00,4772.490234375
2023-12-26 14:30:00,4774.56005859375
2023-12-26 15:30:00,4781.4501953125
2023-12-27 09:30:00,4773.4501953125
2023-12-27 10:30:00,4776.47998046875
2023-12-27 11:30:00,4773.580078125
2023-12-27 12:30:00,4777.330078125
2023-12-27 13:30:00,4781.1298828125
2023-12-27 14:30:00,4776.85009765625
2023-12-27 15:30:00,4775.240234375
2023-12-28 09:30:00,4786.43994140625
2023-12-28 10:30:00,4790.81005859375
2023-12-28 11:30:00,4786.9501953125
2023-12-28 12:30:00,4787.4599609375
2023-12-28 13:30:00,4788.60009765625
2023-12-28 14:30:00,4791.8798828125
2023-12-28 15:30:00,4787.43994140625
2023-12-29 09:30:00,4782.8798828125
2023-12-29 10:30:00,4785.0498046875
2023-12-29 11:30:00,4757.81982421875
2023-12-29 12:30:00,4754.009765625
2023-12-29 13:30:00,4763.39013671875
2023-12-29 14:30:00,4768.7099609375
2023-12-29 15:30:00,4775.85009765625
2024-01-02 09:30:00,4745.2001953125
2024-01-02 10:30:00,4736.10009765625
2024-01-02 11:30:00,4741.1201171875
2024-01-02 12:30:00,4747.5498046875
2024-01-02 13:30:00,4744.81005859375
2024-01-02 14:30:00,4736.97021484375
2024-01-02 15:30:00,4726.75
2024-01-03 09:30:00,4725.06982421875
2024-01-03 10:30:00,4712.8701171875
2024-01-03 11:30:00,4714.7900390625
2024-01-03 12:30:00,4713.259765625
2024-01-03 13:30:00,4721.2001953125
2024-01-03 14:30:00,4727.41015625
2024-01-03 15:30:00,4710.5400390625
2024-01-04 09:30:00,4697.419921875
2024-01-04 10:30:00,4715.08984375
2024-01-04 11:30:00,4723.77978515625
2024-01-04 12:30:00,4713.0400390625
2024-01-04 13:30:00,4710.27978515625
2024-01-04 14:30:00,4702.8701171875
2024-01-04 15:30:00,4699.81005859375
2024-01-05 09:30:00,4690.56982421875
2024-01-05 10:30:00,4712.6201171875
2024-01-05 11:30:00,4708.919921875
2024-01-05 12:30:00,4690.7900390625
2024-01-05 13:30:00,4695.41015625
2024-01-05 14:30:00,4699.27001953125
2024-01-05 15:30:00,4686.6298828125
2024-01-08 09:30:00,4703.7001953125
2024-01-08 10:30:00,4717.22021484375
2024-01-08 11:30:00,4721.240234375
2024-01-08 12:30:00,4724.66015625
2024-01-08 13:30:00,4731.169921875
2024-01-08 14:30:00,4746.60009765625
2024-01-08 15:30:00,4753.919921875
2024-01-09 09:30:00,4741.93017578125
2024-01-09 10:30:00,4741.9599609375
2024-01-09 11:30:00,4749.75
2024-01-09 12:30:00,4758.83984375
2024-01-09 13:30:00,4755.2099609375
2024-01-09 14:30:00,4752.919921875
2024-01-09 15:30:00,4754.27001953125
2024-01-10 09:30:00,4759.93994140625
2024-01-10 10:30:00,4764.06005859375
2024-01-10 11:30:00,4764.75
2024-01-10 12:30:00,4767.97021484375
2024-01-10 13:30:00,4769.7001953125
2024-01-10 14:30:00,4782.58984375
2024-01-10 15:30:00,4779.259765625
2024-01-11 09:30:00,4792.1298828125
2024-01-11 10:30:00,4766.58984375
2024-01-11 11:30:00,4747.47998046875
2024-01-11 12:30:00,4746.35986328125
2024-01-11 13:30:00,4764.52978515625
2024-01-11 14:30:00,4777.58984375
2024-01-11 15:30:00,4775.830078125
2024-01-12 09:30:00,4791.18017578125
2024-01-12 10:30:00,4781.27001953125
2024-01-12 11:30:00,4782.22998046875
2024-01-12 12:30:00,4775.47998046875
2024-01-12 13:30:00,4782.27001953125
2024-01-12 14:30:00,4785.6298828125
2024-01-12 15:30:00,4778.18994140625
2024-01-16 09:30:00,4772.35009765625
2024-01-16 10:30:00,4776.4501953125
2024-01-16 11:30:00,4775.5498046875
2024-01-16 12:30:00,4760.60986328125
2024-01-16 13:30:00,4766.06982421875
2024-01-16 14:30:00,4752.22021484375
2024-01-16 15:30:00,4756.81982421875
2024-01-17 09:30:00,4739.1298828125
2024-01-17 10:30:00,4734.31982421875
2024-01-17 11:30:00,4741.27001953125
2024-01-17 12:30:00,4731.14013671875
2024-01-17 13:30:00,4722.990234375
2024-01-17 14:30:00,4728.39013671875
2024-01-17 15:30:00,4724.740234375
2024-01-18 09:30:00,4760.10009765625
2024-01-18 10:30:00,4757.7099609375
2024-01-18 11:30:00,4763.0498046875
2024-01-18 12:30:00,4751.6298828125
2024-01-18 13:30:00,4743.22021484375
2024-01-18 14:30:00,4772.14990234375
2024-01-18 15:30:00,4779.759765625
2024-01-19 09:30:00,4796.27978515625
2024-01-19 10:30:00,4795.6201171875
2024-01-19 11:30:00,4804.5
2024-01-19 12:30:00,4809.14013671875
2024-01-19 13:30:00,4825.22021484375
2024-01-19 14:30:00,4835.43994140625
2024-01-19 15:30:00,4837.080078125
2024-01-22 09:30:00,4853.419921875
2024-01-22 10:30:00,4859.2001953125
2024-01-22 11:30:00,4856.35986328125
2024-01-22 12:30:00,4854.919921875
2024-01-22 13:30:00,4844.68017578125
2024-01-22 14:30:00,4851.5400390625
2024-01-22 15:30:00,4856.81982421875
2024-01-23 09:30:00,4856.7998046875
2024-01-23 10:30:00,4854.2001953125
2024-01-23 11:30:00,4845.85009765625
2024-01-23 12:30:00,4847.7998046875
2024-01-23 13:30:00,4853.0498046875
2024-01-23 14:30:00,4852.830078125
2024-01-23 15:30:00,4862.08984375
2024-01-24 09:30:00,4888.56005859375
2024-01-24 10:30:00,4890.9501953125
2024-01-24 11:30:00,4895.25
2024-01-24 12:30:00,4899.02978515625
2024-01-24 13:30:00,4895.93017578125
2024-01-24 14:30:00,4877.66015625
2024-01-24 15:30:00,4870.5
2024-01-25 09:30:00,4886.66015625
2024-01-25 10:30:00,4895.9501953125
2024-01-25 11:30:00,4893.27978515625
2024-01-25 12:30:00,4881.85986328125
2024-01-25 13:30:00,4877.97998046875
2024-01-25 14:30:00,4876.919921875
2024-01-25 15:30:00,4880.66015625
2024-01-26 09:30:00,4888.91015625
2024-01-26 10:30:00,4897.35009765625
2024-01-26 11:30:00,4902.43994140625
2024-01-26 12:30:00,4899.47998046875
2024-01-26 13:30:00,4889.3701171875
2024-01-26 14:30:00,4887.3701171875
2024-01-26 15:30:00,4890.08984375
2024-01-29 09:30:00,4892.9501953125
2024-01-29 10:30:00,4892.4599609375
2024-01-29 11:30:00,4893.3798828125
2024-01-29 12:30:00,4898.27001953125
2024-01-29 13:30:00,4899.89990234375
2024-01-29 14:30:00,4903.509765625
2024-01-29 15:30:00,4925.1298828125
2024-01-30 09:30:00,4925.89013671875
2024-01-30 10:30:00,4923.0
2024-01-30 11:30:00,4925.740234375
2024-01-30 12:30:00,4920.9501953125
2024-01-30 13:30:00,4924.10009765625
2024-01-30 14:30:00,4927.3798828125
2024-01-30 15:30:00,4929.14013671875
2024-01-31 09:30:00,4899.18994140625
2024-01-31 10:30:00,4887.7099609375
2024-01-31 11:30:00,4885.490234375
2024-01-31 12:30:00,4888.02978515625
2024-01-31 13:30:00,4886.830078125
2024-01-31 14:30:00,4876.22998046875
2024-01-31 15:30:00,4861.52001953125
