"","HSBC","CLP","CK"
"03/01/2006",94.7194285513824,36.826191215213,72.7622452365594
"04/01/2006",95.8569717285407,36.5765221222285,75.0403368219245
"05/01/2006",96.0844803639724,35.9523493897672,75.5870788024121
"06/01/2006",96.8428424820779,36.1604069672543,75.9060116243632
"09/01/2006",98.4354029300996,36.5765221222285,76.6805627633873
"10/01/2006",99.2696012600157,36.4516875757362,76.5438772682654
"11/01/2006",99.2696012600157,36.4100760602388,76.4071917731435
"12/01/2006",99.4971098954473,36.6181336377259,76.4983154365581
"13/01/2006",99.4971098954473,36.534910606731,76.7716864268019
"16/01/2006",99.5729461072579,36.6597451532233,76.7261245950946
"17/01/2006",98.5870753537207,36.6181336377259,75.0858986536318
"18/01/2006",97.9803856592362,36.534910606731,75.1770223170464
"19/01/2006",98.7387477773418,36.6181336377259,76.0426971194851
"20/01/2006",98.5112391419102,36.6181336377259,76.179382614607
"23/01/2006",97.5253683883729,36.4100760602388,74.9492131585099
"24/01/2006",97.5253683883729,36.5765221222285,75.3592696438756
"25/01/2006",97.2978597529413,36.7013566687207,74.812527663388
"26/01/2006",97.6012046001835,36.7845796997155,74.7669658316807
"27/01/2006",98.359566718289,36.826191215213,75.8604497926559
"01/02/2006",97.6012046001835,36.6181336377259,75.3592696438756
"02/02/2006",97.7528770238046,36.5765221222285,75.1770223170464
"03/02/2006",97.0703511175096,36.4516875757362,73.8101673658274
"06/02/2006",97.3736959647518,36.2852415137465,74.1746620194858
"07/02/2006",97.0703511175096,36.2436299982491,73.4912345438763
"08/02/2006",96.9186786938885,36.0355724207621,72.7622452365594
"09/02/2006",97.2220235411307,36.0771839362595,72.397750582901
"10/02/2006",97.2978597529413,35.9523493897672,71.8054467707061
"13/02/2006",96.9186786938885,35.9107378742698,70.8942101365601
"14/02/2006",97.4495321765624,36.1604069672543,71.3498284536331
"15/02/2006",97.5253683883729,36.1604069672543,71.6231994438769
"16/02/2006",97.5253683883729,36.2436299982491,71.8510086024134
"17/02/2006",97.9803856592362,36.2020184827517,71.8965704341207
"20/02/2006",98.1320580828574,36.4516875757362,73.4456727121689
"21/02/2006",98.2837305064785,36.4100760602388,73.4456727121689
"22/02/2006",98.2837305064785,36.4100760602388,73.9012910292419
"23/02/2006",98.9662564127735,36.6597451532233,75.2225841487537
"24/02/2006",99.9521271663107,36.6181336377259,75.0858986536318
"27/02/2006",100.862161708037,36.7429681842181,75.268145980461
"28/02/2006",101.317178978901,36.9926372772026,74.6302803365588
"01/03/2006",100.634653072606,37.0758603081974,73.9468528609493
"02/03/2006",100.786325496227,37.0342487927,74.0835383560712
"03/03/2006",100.179635801742,37.0758603081974,73.7646055341201
"06/03/2006",100.331308225363,37.4087524321768,73.2178635536324
"07/03/2006",100.558816860795,37.1174718236949,72.2155032560718
"08/03/2006",100.407144437174,37.1590833391923,71.9876940975353
"09/03/2006",100.558816860795,36.9926372772026,71.8054467707061
"10/03/2006",100.482980648985,37.2423063701871,71.5776376121696
"13/03/2006",100.862161708037,37.1174718236949,71.8054467707061
"14/03/2006",100.710489284416,36.9510257617052,71.2587047902185
"15/03/2006",101.393015190711,37.3255294011819,72.7622452365594
"16/03/2006",101.013834131658,37.2423063701871,72.8078070682667
"17/03/2006",101.013834131658,37.0342487927,73.0356162268032
"20/03/2006",101.620523826143,37.3671409166794,74.3113475146077
"21/03/2006",101.24134276709,37.4087524321768,74.4480330097296
"22/03/2006",100.85949057884,37.1590833391923,72.9444925633886
"23/03/2006",101.322857304317,37.4087524321768,73.2634253853398
"24/03/2006",100.473351640942,37.4503639476742,73.308987217047
"27/03/2006",100.705035003681,37.533586978669,74.9492131585099
"28/03/2006",100.318896065783,37.3255294011819,75.9971352877778
"29/03/2006",99.7010737651474,37.5751984941664,74.8580894950953
"30/03/2006",99.9327571278859,37.7416445561561,75.6782024658267
"31/03/2006",100.318896065783,37.7000330406587,74.9492131585099
"03/04/2006",101.168401729158,37.9080906181458,76.2705062780216
"04/04/2006",101.168401729158,37.9913136491406,76.3160681097289
"06/04/2006",102.095135180112,38.4490403196122,76.5894390999727
"07/04/2006",101.863451817374,38.4490403196122,76.2705062780216
"10/04/2006",101.708996242215,38.5738748661044,76.4527536048508
"11/04/2006",101.322857304317,38.4787653854529,76.0426971194851
"12/04/2006",100.85949057884,38.3938232985093,75.4503933072902
"13/04/2006",101.554540667056,38.5212364289247,76.0426971194851
"18/04/2006",102.172362967692,38.8185337332273,76.0882589511924
"19/04/2006",102.790185268328,38.4787653854529,77.3184284072895
"20/04/2006",103.485235356543,38.3513522550375,78.7764070219231
"21/04/2006",103.253551993805,38.3513522550375,80.2343856365568
"24/04/2006",102.017907392533,38.011583907263,80.5988802902152
"25/04/2006",101.863451817374,38.0540549507349,79.049778012167
"26/04/2006",101.940679604953,38.2664101680939,78.0474177146063
"27/04/2006",102.095135180112,38.2664101680939,78.0929795463136
"28/04/2006",102.095135180112,38.3938232985093,79.5965199926546
"02/05/2006",104.952563320554,38.7335916462837,81.0089367755809
"03/05/2006",106.033752346667,38.9884179071145,81.4645550926539
"04/05/2006",105.956524559088,39.2007731244735,80.7811276170444
"08/05/2006",108.73672491195,39.1583020810017,81.6923642511904
"09/05/2006",108.196130398893,38.9034758201709,80.5143319746035
"10/05/2006",109.509002787745,39.0733599940581,80.0505397397267
"11/05/2006",109.817913938063,38.9884179071145,80.6998488685542
"12/05/2006",108.891180487109,39.0733599940581,80.4215735276281
"15/05/2006",106.342663496985,38.9884179071145,77.4996824479046
"16/05/2006",106.419891284565,39.2857152114171,77.59244089488
"17/05/2006",109.506563606725,39.0308889505863,78.4272669176581
"18/05/2006",107.637319277734,38.9034758201709,77.2214071069785
"19/05/2006",107.715204458109,38.5212364289247,77.4069240009293
"22/05/2006",104.210371341251,38.2664101680939,75.5981342849099
"23/05/2006",104.677682423498,38.1389970376785,75.6908927318853
"24/05/2006",104.911337964622,38.0965259942067,75.8300304023483
"25/05/2006",104.054600980501,38.011583907263,76.8503733190771
"26/05/2006",105.067108325371,38.0965259942067,77.8243370123183
"29/05/2006",105.612304587994,38.0965259942067,78.3345084706827
"30/05/2006",105.845960129118,37.799228689904,78.009853906269
"01/06/2006",104.366141702,37.8851360278356,78.1026123532444
"02/06/2006",105.612304587994,37.8851360278356,78.3808876941704
"05/06/2006",105.456534227245,37.9280896968014,79.2157137169486
"06/06/2006",104.833452784248,38.228765379562,78.9374383760225
"07/06/2006",104.366141702,38.0999043726646,78.3345084706827
"08/06/2006",103.119978816006,37.6274140140408,76.154684966762
"09/06/2006",104.521912062749,37.9710433657672,76.3402018607127
"12/06/2006",104.366141702,37.9280896968014,75.5517550614223
"13/06/2006",103.042093635631,37.799228689904,73.9748614628413
"14/06/2006",103.042093635631,37.8851360278356,74.3458952507427
"15/06/2006",103.820945439377,38.1858117105962,74.8560667091071
"16/06/2006",105.612304587994,38.1858117105962,76.5257187546634
"19/06/2006",105.37864904687,38.2717190485278,76.3402018607127
"20/06/2006",104.521912062749,38.3576263864594,75.5053758379346
"21/06/2006",104.288256521625,38.5294410623226,75.1807212735209
"22/06/2006",105.067108325371,38.5723947312884,75.8300304023483
"23/06/2006",104.989223144997,38.5294410623226,75.4126173909592
"26/06/2006",104.444026882374,38.65830206922,75.2734797204962
"27/06/2006",103.976715800127,38.65830206922,75.2271004970085
"28/06/2006",103.587289898254,38.6153484002542,74.5777913681811
"29/06/2006",104.132486160876,38.7442094071516,75.2734797204962
"30/06/2006",106.001730489867,39.0448850899122,78.0562331297567
"03/07/2006",105.845960129118,38.9589777519806,78.0562331297567
"04/07/2006",105.923845309492,39.3455607726728,78.3345084706827
"05/07/2006",105.768074948743,39.2166997657754,78.0562331297567
"06/07/2006",106.313271211365,39.4314681106044,78.6591630350965
"07/07/2006",107.014237834737,39.4314681106044,78.5200253646334
"10/07/2006",108.494056261855,39.517375448536,78.0562331297567
"11/07/2006",107.870974818858,39.1307924278438,76.8967525425648
"12/07/2006",107.793089638483,39.1307924278438,76.9895109895402
"13/07/2006",106.546926752489,39.0448850899122,76.015547296299
"14/07/2006",105.612304587994,39.1307924278438,75.2734797204962
"17/07/2006",105.067108325371,39.0448850899122,75.0415836030578
"18/07/2006",104.989223144997,38.9160240830148,75.1343420500332
"19/07/2006",105.534419407619,38.8301167450832,75.0415836030578
"20/07/2006",107.325778556236,38.873070414049,77.2677863304662
"21/07/2006",106.858467473988,39.0448850899122,77.1286486600032
"24/07/2006",106.936352654362,39.2596534347412,77.1286486600032
"25/07/2006",107.870974818858,39.2596534347412,77.6388201183676
"26/07/2006",108.104630359982,39.4314681106044,77.4069240009293
"27/07/2006",109.195022885227,39.6032827864676,78.2417500237074
"28/07/2006",108.883482163728,39.6891901243992,78.009853906269
"31/07/2006",109.117137704852,39.6032827864676,78.1026123532444
"01/08/2006",108.961367344103,39.517375448536,78.2417500237074
"02/08/2006",109.350793245976,39.6032827864676,79.1229552699732
"03/08/2006",109.662333967474,39.6032827864676,79.2157137169486
"04/08/2006",109.350793245976,39.3885144416386,78.3345084706827
"07/08/2006",109.506563606725,39.3455607726728,78.5200253646334
"08/08/2006",109.895989508598,39.1737460968096,78.6591630350965
"09/08/2006",110.752726492719,39.8180511312966,79.725885175313
"10/08/2006",109.818104328224,39.5603291175018,78.7055422585841
"11/08/2006",109.895989508598,39.8180511312966,78.7519214820718
"14/08/2006",109.662333967474,39.9039584692282,79.0765760464855
"15/08/2006",109.506563606725,40.2905414899204,79.4012306108993
"16/08/2006",110.658349977234,40.80598551751,80.5607111980911
"17/08/2006",110.422739579838,41.0637075313048,81.4882956678446
"18/08/2006",110.030055584177,41.2784758761338,81.859329455746
"21/08/2006",108.773466798062,40.8918928554416,80.7462280920418
"22/08/2006",109.244687592855,41.1496148692364,80.7462280920418
"23/08/2006",109.009077195458,41.3643832140654,80.3751943041404
"24/08/2006",108.302246003269,41.3214295450996,78.3345084706827
"25/08/2006",109.009077195458,41.3214295450996,78.148991576732
"28/08/2006",109.244687592855,41.1066612002706,77.1750278834909
"29/08/2006",110.030055584177,41.1496148692364,77.9170954592937
"30/08/2006",110.422739579838,42.0086882485524,78.6591630350965
"31/08/2006",110.893960374631,42.2664102623473,79.6795059518253
"01/09/2006",110.736886776366,42.6529932830394,80.2824358571651
"04/09/2006",111.443717968556,43.168437310629,80.6070904215788
"05/09/2006",111.443717968556,43.2113909795948,80.2824358571651
"06/09/2006",110.422739579838,43.0812361874876,79.725885175313
"07/09/2006",109.480297990251,42.5606170190588,78.8910591525348
"08/09/2006",108.930540396326,42.9510813953804,79.4476098343869
"11/09/2006",108.459319601533,42.0833827813323,78.148991576732
"12/09/2006",109.087613994591,42.0833827813323,79.1229552699732
"13/09/2006",109.79444518678,42.6473868804636,79.4012306108993
"14/09/2006",109.79444518678,42.4304622269516,78.9374383760225
"15/09/2006",110.187129182441,43.0378512567852,79.3548513874116
"18/09/2006",110.344202780705,43.4717005638093,80.4215735276281
"19/09/2006",109.951518785044,43.1680060488924,80.2360566336774
"20/09/2006",110.579813178102,42.7775416725708,80.2360566336774
"21/09/2006",110.579813178102,42.7341567418684,80.0505397397267
"22/09/2006",111.208107571159,42.3436923655468,79.5403682813623
"25/09/2006",111.051033972895,42.0399978506299,78.9838175995102
"26/09/2006",110.422739579838,41.6929184050107,77.7779577888306
"27/09/2006",111.365181169424,41.7363033357131,78.3345084706827
"28/09/2006",111.443717968556,41.4326088207963,78.4736461411458
"29/09/2006",111.60079156682,40.9553745830698,77.59244089488
"03/10/2006",111.365181169424,40.9119896523674,77.6017680304605
"04/10/2006",111.365181169424,40.868604721665,77.4152253188488
"05/10/2006",114.035432339918,41.5627636129035,78.6277529443248
"06/10/2006",114.742263532107,41.5627636129035,79.0008383675482
"09/10/2006",113.092990750331,41.3458389593915,77.7416750641693
"10/10/2006",114.428116335578,41.6495334743083,78.487845910616
"11/10/2006",114.349579536446,41.5627636129035,78.487845910616
"12/10/2006",114.349579536446,42.0833827813323,79.1873810791598
"13/10/2006",115.134947527768,42.1267677120347,79.2806524349657
"16/10/2006",115.056410728636,42.2135375734395,79.2806524349657
"17/10/2006",115.292021126032,42.0833827813323,78.5811172664219
"18/10/2006",115.292021126032,42.256922504142,78.8142956559365
"19/10/2006",114.977873929504,41.9966129199275,78.7210243001306
"20/10/2006",115.606168322561,42.0399978506299,79.5138308244803
"23/10/2006",115.606168322561,41.8664581278203,79.4671951465774
"24/10/2006",115.370557925165,42.1701526427371,79.3739237907715
"25/10/2006",115.527631523429,42.2135375734395,79.0008383675482
"26/10/2006",115.527631523429,42.2135375734395,79.2806524349657
"27/10/2006",115.292021126032,42.3870772962492,79.094109723354
"31/10/2006",115.292021126032,42.8643115339756,78.9075670117423
"01/11/2006",116.784220309544,43.4717005638093,78.4412102327131
"02/11/2006",117.962272296526,44.1224745243453,79.2340167570628
"03/11/2006",117.72666189913,43.8187800094285,80.5864514162475
"06/11/2006",118.119345894791,44.3393991778574,81.0994438731796
"07/11/2006",118.747640287848,44.3827841085598,82.7783282776848
"08/11/2006",118.512029890452,44.0790895936429,82.5451498881702
"09/11/2006",118.747640287848,44.0790895936429,82.3586071765585
"10/11/2006",118.276419493055,43.6018553559165,82.8715996334906
"13/11/2006",118.119345894791,43.2113909795948,81.7989790417234
"14/11/2006",116.391536313883,43.6018553559165,81.7989790417234
"15/11/2006",115.998852318222,44.2092443857502,82.9648709892964
"16/11/2006",115.134947527768,44.0790895936429,82.4985142102672
"17/11/2006",115.606168322561,44.2092443857502,82.9648709892964
"20/11/2006",114.585189933843,43.9923197322381,82.9182353113935
"21/11/2006",115.134947527768,44.0790895936429,83.9908559031607
"22/11/2006",115.980406195644,44.2092443857502,86.4159111541126
"23/11/2006",115.584568631836,43.9489348015357,88.8409664050645
"24/11/2006",115.663736144598,43.9489348015357,87.8149814912002
"27/11/2006",115.109563555267,43.6886252173213,88.9808734387733
"28/11/2006",113.051208223467,43.3415457717021,84.4572126821899
"29/11/2006",113.842883351083,43.9923197322381,85.016840817025
"30/11/2006",114.397055940413,44.8166334155838,85.7163759855688
"01/12/2006",114.23872091489,44.0280709507935,84.0841272589665
"04/12/2006",113.763715838321,44.6852063381188,85.57646895186
"05/12/2006",114.476223453175,45.342341725444,85.7630116634717
"06/12/2006",112.497035634137,46.1309041902344,86.2760041204038
"07/12/2006",111.705360506521,46.2623312676994,84.410577004287
"08/12/2006",111.547025480998,45.9118590611259,84.5038483600928
"11/12/2006",111.072020404429,46.5251854226295,85.8096473413746
"12/12/2006",111.62619299376,46.3937583451645,84.5038483600928
"13/12/2006",111.309522942714,47.3575569132415,82.4052428544614
"14/12/2006",111.388690455475,49.3289630752174,84.5971197158987
"15/12/2006",111.942863044806,50.7308519015113,87.1154463226564
"18/12/2006",112.259533095852,49.2851540493957,86.3226397983068
"19/12/2006",111.784528019283,48.0146923005668,85.2033835286366
"20/12/2006",112.813705685183,48.7156367137138,86.8822679331418
"21/12/2006",112.497035634137,49.8984804108993,87.1620820005593
"22/12/2006",112.101198070329,50.2927616432944,86.8822679331418
"27/12/2006",112.576203146898,50.7308519015113,86.8822679331418
"28/12/2006",113.051208223467,50.3803796949378,88.3279739481324
"29/12/2006",112.892873197944,50.3803796949378,89.3073231840937
"02/01/2007",113.605380812798,50.3803796949378,91.3592930118222
"03/01/2007",114.634558478698,49.942289436721,92.1520995361719
"04/01/2007",113.922050863844,49.5480082043258,89.4005945398995
"05/01/2007",113.526213300037,49.5918172301475,93.271355805842
"08/01/2007",112.576203146898,49.1975359977523,96.3493105474348
"09/01/2007",112.022030557567,48.8032547653572,94.8569688545413
"10/01/2007",110.913685378906,49.4165811268607,91.4059286897251
"11/01/2007",110.042842738529,49.0661089202873,91.5924714013368
"12/01/2007",110.359512789575,49.109917946109,92.8516347047157
"15/01/2007",110.913685378906,50.073716514186,95.8829537684056
"16/01/2007",111.309522942714,49.6356262559692,94.3906120755121
"17/01/2007",111.072020404429,50.2489526174728,94.9502402103471
"18/01/2007",112.022030557567,51.0813241080848,97.0022100380757
"19/01/2007",113.20954324899,51.1251331339065,98.3080090193575
"22/01/2007",115.109563555267,51.6946504695884,101.479235116756
"23/01/2007",114.317888427652,51.2565602113715,98.6810944425808
"24/01/2007",113.605380812798,51.1689421597281,97.0954813938815
"25/01/2007",114.080385889367,51.1689421597281,95.7896824125997
"26/01/2007",113.68454832556,51.5632233921233,94.0175266522887
"29/01/2007",112.972040710706,51.1251331339065,94.2973407197062
"30/01/2007",113.447045787275,51.6946504695884,95.7896824125997
"31/01/2007",112.65537065966,51.0813241080848,95.8829537684056
"01/02/2007",113.526213300037,51.2565602113715,98.7743657983867
"02/02/2007",113.763715838321,51.0375150822631,99.8003507122509
"05/02/2007",113.130375736229,51.607032417945,97.7483808845224
"06/02/2007",113.763715838321,51.6946504695884,99.14745122161
"07/02/2007",113.605380812798,51.9575046245185,98.3080090193575
"08/02/2007",111.309522942714,51.607032417945,98.8676371541925
"09/02/2007",110.992852891667,50.906088004798,99.3339939332217
"12/02/2007",110.755350353383,51.3003692371932,98.3080090193575
"13/02/2007",110.201177764052,50.774660927333,94.4838834313179
"14/02/2007",110.438680302337,50.5994248240462,94.4838834313179
"15/02/2007",111.309522942714,51.5194143663016,95.603139700988
"16/02/2007",110.913685378906,51.6508414437667,94.6704261429296
"21/02/2007",110.122010251291,51.4317963146583,94.1107980080946
"22/02/2007",109.884507713006,51.7384594954101,96.9089386822698
"23/02/2007",109.409502636437,51.6946504695884,95.603139700988
"26/02/2007",109.409502636437,51.4756053404799,95.2300542777647
"27/02/2007",109.092832585391,51.2127511855498,92.8982703826186
"28/02/2007",108.221989945014,50.1613345658294,89.3073231840937
"01/03/2007",107.905319893968,48.0146923005668,86.5558181878214
"02/03/2007",107.984487406729,47.8394561972801,87.1620820005593
"05/03/2007",105.292791972837,46.9194666550247,83.4778634462286
"06/03/2007",108.063654919491,47.57660204235,84.7370267496074
"07/03/2007",107.351147304637,47.4013659390632,84.410577004287
"08/03/2007",108.142822432252,48.6718276878921,86.2760041204038
"09/03/2007",108.221989945014,48.7156367137138,88.3279739481324
"12/03/2007",108.855330047106,48.3651645071403,88.8876020829674
"13/03/2007",108.53865999606,48.8032547653572,87.7683458132973
"14/03/2007",106.876142228068,47.0070847066681,85.2500192065396
"15/03/2007",106.321969638737,48.408973532962,85.7163759855688
"16/03/2007",105.846964562168,47.0508937324898,86.0894614087921
"19/03/2007",106.638639689783,48.1899284038536,87.2087176784622
"20/03/2007",106.876142228068,47.7518381456367,86.2293684425009
"21/03/2007",108.502738171769,48.3213554813186,88.1880669144236
"22/03/2007",110.362323103178,49.0222998944656,90.333308097958
"23/03/2007",110.928283734476,48.7156367137138,91.1727503002105
"26/03/2007",111.08998677199,48.9346818428222,91.5924714013368
"27/03/2007",110.766580696962,48.540400610427,91.4525643676281
"28/03/2007",109.553807915609,49.1537269719306,90.3799437758609
"29/03/2007",109.958065509393,50.2927616432944,92.1520995361719
"30/03/2007",109.796362471879,49.9860984625426,92.2453708919777
"02/04/2007",110.200620065664,49.8984804108993,93.6444412290654
"03/04/2007",110.685729178205,50.6432338498679,95.5098683451822
"04/04/2007",110.847432215719,51.1689421597281,97.7483808845224
"10/04/2007",112.14105651583,52.5270219602004,97.2820241054932
"11/04/2007",112.626165628371,51.8260775470534,96.1627678358231
"12/04/2007",113.030423222156,51.4342686145861,95.043511566153
"13/04/2007",113.758086890968,50.7668689353311,93.5511698732595
"16/04/2007",115.53682030362,51.7012284862881,95.6964110567939
"17/04/2007",115.941077897404,51.1673087428841,96.0694964800172
"18/04/2007",116.426187009946,51.1228154309338,96.3493105474348
"19/04/2007",115.77937485989,49.8770026963244,94.0175266522887
"20/04/2007",116.911296122487,50.8558555592317,94.5771547871238
"23/04/2007",117.234702197515,51.4787619265364,94.8569688545413
"24/04/2007",116.83044460373,51.8347084221391,95.7896824125997
"25/04/2007",116.749593084973,52.3241348535928,96.5358532590464
"26/04/2007",117.315553716272,52.4576147894438,97.9349235961341
"27/04/2007",116.83044460373,52.3686281655431,96.4425819032406
"30/04/2007",116.668741566216,51.1228154309338,95.1367829219588
"02/05/2007",117.558108272542,52.1461616057914,96.1627678358231
"03/05/2007",118.93258409141,52.5910947252948,99.2407225774159
"04/05/2007",118.770881053896,52.1016682938411,102.132134607397
"07/05/2007",118.609178016382,51.6567351743378,101.665777828368
"08/05/2007",118.204920422598,50.9003488711821,100.471494031391
"09/05/2007",118.609178016382,51.6122418623874,100.187140746396
"10/05/2007",118.043217385084,51.0783221189834,98.3862366080978
"11/05/2007",117.234702197515,50.8113622472814,97.2488234681198
"14/05/2007",118.770881053896,50.5444023755794,99.9027874614019
"15/05/2007",118.285771941355,50.9003488711821,98.5758054647608
"16/05/2007",118.309515903973,50.6778823114304,99.9027874614019
"17/05/2007",118.227923134384,50.7223756233807,102.272398169689
"18/05/2007",118.309515903973,50.5444023755794,100.187140746396
"21/05/2007",118.309515903973,50.2329491919271,100.092356318065
"22/05/2007",117.983144825617,49.3430829529204,98.4810210364293
"23/05/2007",118.146330364795,48.9871364573177,98.1966677514348
"25/05/2007",117.73836651685,48.5422033378144,96.7749013264623
"28/05/2007",117.73836651685,48.6756832736654,97.2488234681198
"29/05/2007",117.411995438495,48.6311899617151,96.4905480414678
"30/05/2007",117.411995438495,48.7646698975661,94.7370361173351
"31/05/2007",117.901552056028,48.9871364573177,95.8270570431473
"01/06/2007",117.656773747261,49.7237851258488,96.0166258998103
"04/06/2007",117.656773747261,49.2296915067121,97.2488234681198
"05/06/2007",117.656773747261,48.8703506927945,98.1018833231033
"06/06/2007",117.73836651685,49.2296915067121,97.8175300381088
"07/06/2007",117.493588208084,48.9601858962739,97.9123144664403
"08/06/2007",116.840846051372,48.2864218701784,96.7749013264623
"11/06/2007",117.00403159055,48.5110098788769,96.7749013264623
"12/06/2007",117.00403159055,48.1067514632196,96.0166258998103
"13/06/2007",116.677660512194,48.0618338614799,96.3957636131363
"14/06/2007",117.00403159055,48.7355978875754,96.5853324697993
"15/06/2007",116.922438820961,48.4211746753975,96.6801168981308
"18/06/2007",117.493588208084,48.0618338614799,96.9644701831253
"20/06/2007",118.962258060685,47.5228226406035,97.4383923247828
"21/06/2007",118.635886982329,47.2083994284256,98.5758054647608
"22/06/2007",118.717479751918,47.3431522336447,97.3436078964513
"25/06/2007",117.656773747261,46.7592234110286,96.6801168981308
"26/06/2007",117.575180977673,47.3431522336447,97.3436078964513
"27/06/2007",116.677660512194,47.7923282510417,97.1540390397883
"28/06/2007",117.085624360139,47.747410649302,97.2488234681198
"29/06/2007",116.269696664249,47.1185642249462,97.0592546114568
"03/07/2007",116.840846051372,47.2083994284256,97.0592546114568
"04/07/2007",116.677660512194,46.849058614508,97.1540390397883
"05/07/2007",116.840846051372,47.3880698353844,97.5331767531143
"06/07/2007",117.901552056028,47.4779050388638,104.452440021314
"09/07/2007",118.309515903973,47.2083994284256,105.400284304629
"10/07/2007",118.55429421274,46.9838114197271,103.59938016633
"11/07/2007",116.840846051372,46.9388938179874,102.556751454684
"12/07/2007",117.248809899317,46.849058614508,103.315026881336
"13/07/2007",117.819959286439,46.849058614508,103.504595737999
"16/07/2007",118.227923134384,47.298234631905,101.7036915997
"17/07/2007",118.799072521507,47.7923282510417,103.883733451325
"18/07/2007",118.880665291096,47.4779050388638,103.694164594662
"19/07/2007",118.962258060685,48.2415042684387,108.054248297911
"20/07/2007",118.55429421274,48.3762570736578,108.054248297911
"23/07/2007",118.146330364795,47.7923282510417,108.717739296231
"24/07/2007",118.55429421274,48.0618338614799,109.002092581226
"25/07/2007",117.330402668906,48.5110098788769,108.717739296231
"26/07/2007",116.840846051372,48.196586666699,105.684637589623
"27/07/2007",115.127397890004,47.5228226406035,101.988044884695
"30/07/2007",115.290583429182,47.5677402423432,103.315026881336
"31/07/2007",117.73836651685,47.5677402423432,105.210715447966
"01/08/2007",116.024918355483,47.0287290214668,99.9027874614019
"02/08/2007",117.248809899317,46.849058614508,101.134985029711
"03/08/2007",117.575180977673,46.8939762162477,100.850631744717
"06/08/2007",115.861732816305,46.3549649953713,99.5236497480758
"07/08/2007",116.677660512194,46.4897178005904,99.0497276064183
"08/08/2007",118.064737595206,46.6693882075492,101.988044884695
"09/08/2007",117.901552056028,46.2651297918919,100.850631744717
"10/08/2007",115.943325585894,45.7261185710154,97.8175300381088
"13/08/2007",115.290583429182,45.5913657657963,99.7132186047388
"14/08/2007",115.290583429182,46.849058614508,99.7132186047388
"15/08/2007",113.585372617132,46.1752945884124,96.9644701831253
"16/08/2007",112.10274991437,45.2320249518787,94.0261529048488
"17/08/2007",111.855646130576,45.1421897483993,93.7417996198543
"20/08/2007",115.232731175756,47.0287290214668,97.2488234681198
"21/08/2007",113.750108472994,46.3549649953713,97.6279611814458
"22/08/2007",115.315099103687,47.1634818266859,101.134985029711
"23/08/2007",116.303514238861,48.0169162597402,103.788949022993
"24/08/2007",115.726938743343,47.9719986580005,103.030673596341
"27/08/2007",116.22114631093,48.5110098788769,106.063775302949
"28/08/2007",115.150363247825,47.9719986580005,105.021146591303
"29/08/2007",113.832476400925,47.4779050388638,103.409811309667
"30/08/2007",114.326683968512,48.5110098788769,106.158559731281
"31/08/2007",115.067995319893,48.2864218701784,108.717739296231
"03/09/2007",115.232731175756,47.747410649302,108.528170439568
"04/09/2007",114.903259464031,48.0377236154387,107.864679441248
"05/09/2007",115.067995319893,48.7635060307806,108.717739296231
"06/09/2007",114.573787752306,48.9903130355749,109.949936864541
"07/09/2007",114.656155680237,49.9429024557111,110.51864343453
"10/09/2007",113.750108472994,48.8995902336572,109.096877009557
"11/09/2007",113.832476400925,48.8088674317394,108.528170439568
"12/09/2007",114.409051896444,49.3532042432458,112.793469714486
"13/09/2007",114.903259464031,49.2171200403692,115.352649279436
"14/09/2007",114.326683968512,49.307842842287,121.134499407658
"17/09/2007",113.585372617132,48.6727832288628,113.646529569469
"18/09/2007",113.420636761269,48.5820604269451,113.741313997801
"19/09/2007",116.468250094724,48.7635060307806,121.89277483431
"20/09/2007",116.468250094724,48.8088674317394,120.471008409338
"21/09/2007",116.632985950586,48.5820604269451,117.43790670273
"24/09/2007",118.033240725417,48.7181446298217,118.575319842708
"25/09/2007",117.044825590242,48.5366990259862,117.722259987724
"27/09/2007",118.115608653348,48.9903130355749,123.598894544277
"28/09/2007",117.127193518173,48.8088674317394,121.513637120984
"02/10/2007",118.609816220935,48.4006148231096,127.793903409148
"03/10/2007",121.65742955439,47.6294710068089,120.752392722419
"04/10/2007",122.728212617495,47.6294710068089,115.613993032103
"05/10/2007",124.210835320257,47.9923622144799,121.703948220625
"08/10/2007",123.387156040945,47.6748324077678,120.466926072957
"09/10/2007",123.304788113014,48.0830850163976,127.603592309506
"10/10/2007",122.892948473358,47.8562780116033,126.74719236112
"11/10/2007",124.128467392326,47.6748324077678,129.411547756099
"12/10/2007",123.469523968876,47.3573026010557,129.50670330592
"15/10/2007",125.858193878881,47.5841096058501,130.743725453588
"16/10/2007",122.645844689564,47.2212183981791,123.702214766859
"17/10/2007",123.71662775267,47.8109166106444,126.937503460762
"18/10/2007",124.046099464395,47.7201938087267,126.081103512376
"22/10/2007",119.845335139903,47.1758569972203,119.229903925288
"23/10/2007",120.504278563353,47.4480254029735,123.79737031668
"24/10/2007",119.59823135611,47.3119412000969,122.084570419908
"25/10/2007",119.762967211972,47.4480254029735,131.600125401974
"26/10/2007",119.927703067834,47.5841096058501,138.451324989062
"29/10/2007",123.469523968876,47.8562780116033,150.821546465748
"30/10/2007",123.387156040945,47.266579799138,146.729857823459
"31/10/2007",124.787410815775,47.266579799138,143.399413579736
"01/11/2007",125.199250455431,47.6748324077678,141.686613682964
"02/11/2007",122.151637121977,47.266579799138,133.788703047849
"05/11/2007",120.174806851628,47.6294710068089,126.366570161838
"06/11/2007",120.504278563353,47.6294710068089,135.882125143904
"07/11/2007",119.59823135611,47.8109166106444,138.451324989062
"08/11/2007",117.291929374036,47.0851341953025,135.216036295159
"09/11/2007",116.138778382999,47.0397727943437,135.786969594083
"12/11/2007",112.926429193682,46.4954359828373,134.835414095877
"13/11/2007",113.091165049544,46.1325447751664,137.690080590496
"14/11/2007",114.491419824375,47.0851341953025,142.54301363135
"15/11/2007",114.326683968512,46.9944113933848,137.594925040676
"16/11/2007",112.185117842301,46.9490499924259,131.02919210305
"19/11/2007",111.608542346783,46.4047131809196,131.885592051436
"20/11/2007",111.361438562989,46.5407973837962,132.932303099463
"21/11/2007",109.633554362529,45.7696535674954,125.31985911381
"22/11/2007",108.302646267081,46.2232675770841,122.465192619191
"23/11/2007",109.550372606563,46.1325447751664,126.366570161838
"26/11/2007",111.047644213942,47.4480254029735,133.122614199105
"27/11/2007",108.884918558839,47.1758569972203,131.314658752512
"28/11/2007",107.803555731288,47.5841096058501,133.122614199105
"29/11/2007",110.049463142356,48.5366990259862,136.928836191931
"30/11/2007",109.883099630425,48.3259885545635,139.212569387627
"03/12/2007",109.883099630425,47.9595355607848,142.828480280812
"04/12/2007",110.049463142356,49.1963144147879,144.636435727405
"05/12/2007",109.217645582701,49.3795409116772,143.589724679377
"06/12/2007",111.130825969908,49.8834137781229,140.544747085116
"07/12/2007",113.709460404838,48.6924415483422,134.549947446415
"10/12/2007",111.297189481839,49.4711541601219,133.312925298746
"11/12/2007",113.709460404838,49.7459939054559,139.498036037089
"12/12/2007",111.879461773597,49.1047011663432,136.548213992648
"13/12/2007",110.798098946046,48.7382481725645,132.646836450001
"14/12/2007",111.130825969908,49.3337342874549,133.122614199105
"17/12/2007",108.801736802874,48.3717951787858,125.510170213452
"18/12/2007",109.633554362529,49.3795409116772,124.558614715245
"19/12/2007",108.884918558839,49.2421210390102,127.413281209865
"20/12/2007",109.05128207077,49.1963144147879,128.07937005861
"21/12/2007",109.966281386391,49.9292204023452,133.788703047849
"24/12/2007",110.299008410253,50.0208336507899,134.930569645697
"27/12/2007",109.467190850598,49.2879276632325,134.645102996235
"28/12/2007",108.968100314805,48.8756680452315,130.934036553229
"31/12/2007",109.550372606563,48.7840547967869,137.214302841393
"02/01/2008",108.884918558839,49.2879276632325,136.167591793366
"03/01/2008",107.720373975322,49.1047011663432,135.120880745339
"04/01/2008",108.219464511115,51.0285793836813,137.214302841393
"07/01/2008",106.306284123909,52.4027781103513,139.878658236372
"08/01/2008",106.722192903736,52.9982642252417,135.691814044263
"09/01/2008",106.389465879874,53.5479437159097,138.927102738165
"10/01/2008",105.058557784426,53.5479437159097,134.169325247132
"11/01/2008",102.812650373358,53.731170212799,130.172792154664
"14/01/2008",102.646286861427,55.9756947996935,130.077636604843
"15/01/2008",100.483561206324,55.7008550543594,129.126081106637
"16/01/2008",95.6590193603246,53.593750340132,122.940970368294
"17/01/2008",98.9862895989446,55.0595623152468,123.131281467935
"18/01/2008",98.4871990631516,55.4718219332478,123.511903667218
"21/01/2008",94.4944747768076,55.2885954363584,117.802570677978
"22/01/2008",86.8417532279816,52.9524576010193,112.093237688739
"23/01/2008",96.6572004319106,55.4260153090254,123.702214766859
"24/01/2008",95.9917463841866,55.1053689394691,116.280081880848
"25/01/2008",100.234015938427,56.3879544176945,125.034392464348
"28/01/2008",96.9067456998071,54.6931093214681,119.039592825647
"29/01/2008",97.8217450154276,55.5634351816924,121.513637120984
"30/01/2008",97.4058362356001,56.5711809145838,119.420215024929
"31/01/2008",96.1581098961176,56.5253742903615,119.610526124571
"01/02/2008",98.3208355512206,57.2582802779188,117.421948478696
"04/02/2008",100.483561206324,59.0447386225899,119.800837224212
"05/02/2008",98.8199260870136,59.8234512343696,117.326792928875
"06/02/2008",94.7440200447041,57.7163465201422,113.330259836407
"11/02/2008",90.9176592702911,55.8382749270265,107.620926847168
"12/02/2008",91.7494768299461,56.0215014239158,108.762793445015
"13/02/2008",93.4962937052216,56.3879544176945,110.380437791967
"14/02/2008",96.6572004319106,55.8840815512488,114.186659784793
"15/02/2008",95.4926558483936,54.7847225699127,116.184926331027
"18/02/2008",93.6626572171526,55.5176285574701,115.043059733179
"19/02/2008",95.1599288245316,54.9679490668021,114.281815334614
"20/02/2008",93.7458389731181,54.2350430792447,111.236837740353
"21/02/2008",94.9935653126006,55.1511755636914,109.143415644298
"22/02/2008",95.3262923364626,55.4260153090254,106.57421579914
"25/02/2008",96.9067456998071,57.6705398959199,106.57421579914
"26/02/2008",99.5685618907031,58.1286061381432,108.857948994836
"27/02/2008",102.812650373358,57.1208604052518,112.664170987663
"28/02/2008",102.313559837565,56.4795676661391,114.091504234972
"29/02/2008",100.400379450358,56.3421477934721,113.235104286587
"03/03/2008",99.2358348668411,55.0137556910244,109.048260094477
"04/03/2008",100.150834182462,53.181490722131,107.049993548244
"05/03/2008",100.400379450358,54.0518165823554,108.00154904645
"06/03/2008",101.065833498082,53.4105238432427,106.669371348961
"07/03/2008",97.6553815034966,52.2653582376843,101.911593857928
"10/03/2008",100.483561206324,55.5176285574701,100.76972726008
"11/03/2008",102.230378081599,57.5789266474752,104.195327053624
"12/03/2008",104.143558468806,57.3498935263635,105.337193651472
"13/03/2008",101.897651057737,58.0369928896985,100.864882809901
"14/03/2008",102.230378081599,59.1821584952569,99.913327311694
"17/03/2008",98.2376537952551,59.8234512343696,94.2515720973647
"18/03/2008",100.150834182462,60.0066777312589,98.1053718651014
"19/03/2008",103.932888509388,58.5408657561442,100.484260610618
"20/03/2008",102.994249943211,58.0369928896985,95.9167942192262
"25/03/2008",108.370089004042,58.7698988772559,103.909860404162
"26/03/2008",108.626081340272,59.2737717437016,103.148616005596
"27/03/2008",108.711412119015,59.2279651194793,104.766260352548
"28/03/2008",109.138066012732,58.8157055014782,106.47906024932
"31/03/2008",108.199427446555,58.6782856288112,105.14688255183
"01/04/2008",110.076704578908,57.8995730170315,107.811237946809
"02/04/2008",112.209974047492,57.0292471568072,112.093237688739
"03/04/2008",112.465966383722,56.8002140356955,114.091504234972
"07/04/2008",112.465966383722,55.9756947996935,115.804304131744
"08/04/2008",111.868650932519,56.6627941630285,115.899459681565
"09/04/2008",111.783320153775,57.2582802779188,113.139948736766
"10/04/2008",112.636627941209,57.3498935263635,112.759326537483
"11/04/2008",113.319274171155,58.3118326350325,112.854482087304
"14/04/2008",111.527327817545,58.0369928896985,109.904660042863
"15/04/2008",111.015343145085,59.3653849921463,110.570748891608
"16/04/2008",110.588689251369,58.9073187499229,110.285282242146
"17/04/2008",111.783320153775,59.3906227219955,110.475593341787
"18/04/2008",111.527327817545,59.94828115131,109.999815592684
"21/04/2008",112.977951056182,59.94828115131,113.71088203569
"22/04/2008",112.209974047492,59.4835657935479,113.80603758551
"23/04/2008",112.636627941209,58.0894197202616,115.804304131744
"24/04/2008",111.527327817545,57.1135174689612,115.709148581924
"25/04/2008",112.636627941209,57.0205743974088,115.328526382641
"28/04/2008",113.745928064872,57.3458751478423,116.470392980489
"29/04/2008",114.684566631049,58.1358912560378,117.231637379054
"30/04/2008",115.281882082252,57.4388182193947,115.518837482282
"02/05/2008",116.305851427172,56.6488021111991,118.468659526723
"05/05/2008",116.305851427172,55.951729074556,120.562081622777
"06/05/2008",115.879197533456,55.9052575387798,120.657237172598
"07/05/2008",114.599235852305,55.951729074556,117.231637379054
"08/05/2008",115.111220524766,56.5558590396467,116.375237430668
"09/05/2008",113.404604949899,56.3699728965419,115.518837482282
"13/05/2008",115.623205197226,57.4852897551709,117.598079848016
"14/05/2008",115.452543639739,57.5782328267233,118.178333531477
"15/05/2008",115.025889746022,57.2994036120661,120.209221423589
"16/05/2008",115.537874418482,57.3458751478423,124.17428826057
"19/05/2008",115.793866754712,57.2064605405136,126.205176152682
"20/05/2008",115.111220524766,56.6023305754229,122.336818262945
"21/05/2008",115.459635595946,57.5782328267233,123.303907735379
"22/05/2008",113.993755233637,57.1599890047374,121.949982473971
"23/05/2008",113.648842207212,57.1599890047374,120.112512476346
"26/05/2008",112.872787897754,57.3923466836185,117.888206689747
"27/05/2008",113.21770092418,58.5076635422475,117.404661953529
"28/05/2008",112.872787897754,59.6694519366527,116.340863533852
"29/05/2008",113.131472667573,60.1341672944148,117.307953006286
"30/05/2008",113.562613950605,66.0557618301067,115.954027744878
"02/06/2008",113.303929180786,60.6213870979844,118.27504247872
"03/06/2008",112.441646614722,61.4646521426241,118.758587214937
"04/06/2008",112.182961844903,61.8862846649439,118.855296162181
"05/06/2008",113.21770092418,63.4322705801166,120.886184054293
"06/06/2008",113.21770092418,61.979980781015,121.756564579484
"10/06/2008",110.199711942956,59.9655142854869,117.017826164556
"11/06/2008",110.630853225988,60.9024754461976,115.470483008661
"12/06/2008",108.647603324041,60.9024754461976,112.762632485845
"13/06/2008",107.181722961733,60.2466026337001,109.281110385081
"16/06/2008",108.475146810829,61.8394366069084,110.441617752002
"17/06/2008",108.733831580648,62.0268288390505,110.151490910272
"18/06/2008",108.561375067435,61.9331327229794,111.408707224436
"19/06/2008",107.267951218339,60.1997545756646,110.248199857515
"20/06/2008",107.267951218339,61.0430196203042,108.70085670162
"23/06/2008",106.664353422095,62.1205249551216,109.764655121298
"24/06/2008",106.06075562585,62.3079171872637,108.41072985989
"25/06/2008",106.923038191914,63.4322705801166,107.927185123673
"26/06/2008",106.923038191914,62.2142210711927,106.766677756752
"27/06/2008",105.11224480318,61.7457404908373,103.865409339449
"30/06/2008",104.249962237116,62.5890055354769,101.64110355285
"02/07/2008",102.266712335169,62.3079171872637,99.7069246079809
"03/07/2008",101.404429769105,62.2142210711927,99.0299619772768
"04/07/2008",102.266712335169,61.0898676783398,99.513506713494
"07/07/2008",102.352940591776,61.0898676783398,101.93123039458
"08/07/2008",99.8523211501905,59.2627934149538,100.674014080415
"09/07/2008",102.784081874807,59.0285531247762,102.704901972527
"10/07/2008",102.266712335169,59.3096414729894,102.898319867014
"11/07/2008",102.525397104988,60.152906517629,103.962118286692
"14/07/2008",100.542147203042,60.1997545756646,103.575282497718
"15/07/2008",97.4379299652118,58.9348570087051,100.287178291441
"16/07/2008",97.265473451999,59.7781220533447,99.7069246079809
"17/07/2008",100.887060229467,59.0285531247762,101.447685658363
"18/07/2008",103.473907927659,59.1222492408472,102.22135723631
"21/07/2008",107.699092501371,60.5276909819133,105.896297231561
"22/07/2008",107.612864244765,59.5907298212026,106.379841967778
"23/07/2008",110.803309739201,59.4970337051315,107.346931440212
"24/07/2008",111.751820561871,59.3564895310249,107.733767229186
"25/07/2008",110.630853225988,60.4339948658423,107.346931440212
"28/07/2008",110.199711942956,60.8087793301266,106.573259862265
"29/07/2008",108.733831580648,60.059210401558,104.348954075666
"30/07/2008",110.803309739201,60.8556273881621,105.702879337074
"31/07/2008",111.148222765627,60.059210401558,106.573259862265
"01/08/2008",111.579364048658,60.9024754461976,107.443640387456
"04/08/2008",111.579364048658,60.8556273881621,105.799588284317
"05/08/2008",109.16497286368,60.9024754461976,104.639080917396
"07/08/2008",111.148222765627,61.370956026553,105.219334600857
"08/08/2008",109.854798916531,61.7457404908373,105.896297231561
"11/08/2008",110.630853225988,63.1511822319034,105.702879337074
"12/08/2008",110.544624969382,62.6358535935125,106.283133020534
"13/08/2008",109.337429376893,62.9637899997612,106.089715126048
"14/08/2008",108.130233784403,63.994447276543,105.412752495343
"15/08/2008",107.612864244765,61.6520443747662,104.639080917396
"18/08/2008",107.267951218339,62.3079171872637,103.091737761501
"19/08/2008",105.370929572999,62.4953094194059,98.6431261883031
"20/08/2008",105.46306991666,63.7133589283298,100.577305133172
"21/08/2008",102.758888636746,61.8862846649439,97.7727456631122
"25/08/2008",105.986459841805,62.7763977676191,101.350976711119
"26/08/2008",104.503521720561,62.682701651548,102.995028814258
"27/08/2008",105.375838262469,61.7457404908373,105.412752495343
"28/08/2008",104.852448337324,61.6988924328017,105.509461442587
"29/08/2008",107.73109292562,59.4970337051315,108.507438807133
"01/09/2008",106.160923150186,58.2405863436227,107.540349334699
"02/09/2008",107.207703000476,60.0827460089928,108.70085670162
"03/09/2008",106.073691495995,59.1380487447004,108.507438807133
"04/09/2008",105.899228187614,59.8465716929197,107.830476176429
"05/09/2008",102.322730365792,61.5942616318605,101.64110355285
"08/09/2008",107.905556234002,62.1610799904359,105.02591670637
"09/09/2008",108.254482850765,62.0666102640067,104.252245128422
"10/09/2008",108.167251196574,60.8857386836413,100.383887238685
"11/09/2008",106.59708142114,60.7440340939974,96.4188204017041
"12/09/2008",106.509849766949,61.1219129997144,97.8694546103556
"16/09/2008",102.933351945127,59.5159276504174,95.8385667182435
"17/09/2008",100.403633973594,59.0435790182712,91.9218543548844
"18/09/2008",100.229170665213,57.6265331218327,89.1172948848248
"19/09/2008",107.73109292562,56.6818358575404,95.6935032973783
"22/09/2008",109.91188428039,57.2958890793304,97.3859098741384
"23/09/2008",107.64386127143,57.8154725746912,91.8734998812627
"24/09/2008",107.992787888193,57.9099423011204,90.9064104088283
"25/09/2008",107.818324579811,58.0988817539789,91.7284364603975
"26/09/2008",108.603409467528,58.1461166171935,90.9064104088283
"29/09/2008",106.771544729522,56.5873661311111,84.5867134285355
"30/09/2008",106.248154804377,58.9018744286274,83.857517623117
"02/10/2008",107.818324579811,60.6495643675682,84.4894873211463
"03/10/2008",107.469397963048,59.2797533343443,81.8643824216401
"06/10/2008",105.114143299897,60.0827460089928,76.3711073541547
"08/10/2008",101.01425555293,56.9652450368281,70.4889278571129
"09/10/2008",102.933351945127,57.2014193529011,71.4125758773095
"10/10/2008",95.7803563014827,52.903046800371,65.6276224876568
"13/10/2008",99.8802440484497,55.737138593248,75.2530071191798
"14/10/2008",100.229170665213,52.2417587153664,79.2392775221338
"15/10/2008",97.4377577311077,50.068955007494,76.8086248374058
"16/10/2008",94.6463447970025,49.691076101777,72.9195805418409
"17/10/2008",91.7677002087066,50.683008229284,69.5166667832217
"20/10/2008",93.3378699841408,52.903046800371,74.3779721526777
"21/10/2008",93.25063832995,51.8638798096494,74.7668765822342
"22/10/2008",90.5464570500356,51.4387660407179,72.5306761122844
"23/10/2008",87.7550441159305,50.3523641867817,70.9264453403639
"24/10/2008",76.7638556878915,47.234863214617,67.0860140984936
"27/10/2008",65.4237406430893,40.4802777749267,58.3356644334727
"28/10/2008",78.5084887717072,47.234863214617,68.0582751723849
"29/10/2008",75.1500700853619,47.6127421203339,69.0305362462761
"30/10/2008",83.2189980980096,51.9583495360787,73.2112588640083
"31/10/2008",80.2531218555229,49.1242577432016,70.5375409108074
"03/11/2008",80.6892801264768,51.5332357671471,74.5238113137614
"04/11/2008",80.7765117806676,51.3915311775033,75.6905246024309
"05/11/2008",82.8264556541511,49.5966063753478,78.7531469851882
"06/11/2008",79.0754945239473,50.3523641867817,73.1140327566192
"07/11/2008",80.2531218555229,52.2417587153664,77.003077052184
"10/11/2008",80.5148168180952,51.8166449464348,77.780885911297
"11/11/2008",76.7638556878915,51.0136522717863,70.586153964502
"12/11/2008",75.2373017395527,50.7774779557132,67.9610490649957
"13/11/2008",70.5267924132503,48.8408485639139,63.6831003398744
"14/11/2008",71.7916513990167,49.9272504178501,63.6344872861798
"17/11/2008",71.4863406093489,49.9744852810648,65.7248485950459
"18/11/2008",68.9130068107207,48.6519091110555,63.2941959103179
"19/11/2008",70.3293523326464,49.8800155546355,63.1969698029288
"20/11/2008",67.1325635902534,48.3684999317678,63.4886481250962
"21/11/2008",68.4201590559394,49.2659623328455,65.1901050044058
"24/11/2008",66.3777662482995,48.9353182903432,63.8289395009581
"25/11/2008",67.9317607758516,49.8800155546355,64.6553614137656
"26/11/2008",71.9277467038429,51.7694100832202,68.0582751723849
"27/11/2008",72.5049446712194,50.7302430924986,68.2041143334685
"28/11/2008",74.3253382606377,51.9583495360787,70.9750583940585
"01/12/2008",74.9469360716585,51.8638798096494,69.5166667832217
"02/12/2008",70.151752958069,50.8338505673835,67.7665968502175
"03/12/2008",71.3505487364664,50.4523582554331,65.9193008098242
"04/12/2008",69.7521543652699,49.8801197875076,63.6831003398744
"05/12/2008",72.2829454529977,50.9769101843649,65.6276224876568
"08/12/2008",75.9237326318342,52.9320582831104,70.9264453403639
"09/12/2008",74.5917373225037,51.16765634034,71.9473194679497
"10/12/2008",77.8773257521854,50.5000447944269,78.4614686630208
"11/12/2008",77.4777271593863,49.5463140145511,81.3782518846945
"12/12/2008",73.0377427949516,49.0694486246132,75.8363637635146
"15/12/2008",74.7693366970811,49.4509409365635,77.780885911297
"16/12/2008",74.7693366970811,49.0694486246132,78.0725642334643
"17/12/2008",75.0357357589472,47.9249716887621,78.2670164482426
"18/12/2008",72.460544827575,48.2587774617187,77.1975292669622
"19/12/2008",67.976160619496,46.8281812919049,79.1906644684392
"22/12/2008",65.7561684372786,47.9726582277559,74.9127157433179
"23/12/2008",65.4897693754125,49.4986274755573,69.2249884610543
"24/12/2008",65.6673687499899,49.3078813195821,70.9750583940585
"29/12/2008",65.2677701571908,49.78474670952,70.4889278571129
"30/12/2008",65.045770938969,50.261612099458,69.0305362462761
"31/12/2008",65.4453695317682,50.1662390214704,71.2667367162259
"02/01/2009",68.3757592122951,49.9754928654952,74.7668765822342
"05/01/2009",68.8197576487386,49.2125082415945,78.7531469851882
"06/01/2009",68.3313593686507,49.0217620856194,79.2392775221338
"07/01/2009",66.5997654665212,49.0217620856194,76.565559568933
"08/01/2009",65.7117685936342,49.2125082415945,74.4265852063723
"09/01/2009",66.3333664046551,49.4986274755573,74.2807460452886
"12/01/2009",65.4897693754125,49.9754928654952,72.9195805418409
"13/01/2009",64.8237717207473,49.9754928654952,70.9750583940585
"14/01/2009",62.1597811020864,50.1662390214704,71.9473194679497
"15/01/2009",58.6077936105386,49.6416870925387,68.3013404408577
"16/01/2009",57.0093992393421,49.4032543975697,68.3499534945522
"19/01/2009",55.3222051808569,50.4523582554331,70.1972495349455
"20/01/2009",51.0598201909996,50.5477313334207,69.0305362462761
"21/01/2009",48.8398280087822,49.2125082415945,66.1137530246024
"22/01/2009",50.6158217545561,49.3078813195821,66.6484966152426
"23/01/2009",51.0154203473552,48.9740755466256,65.7734616487405
"29/01/2009",55.588604242723,49.78474670952,66.9887879911045
"30/01/2009",53.9902098715265,50.3092986384518,70.8778322866694
"02/02/2009",51.9478170638865,50.2139255604642,68.5444057093305
"03/02/2009",51.5038186274431,49.5940005535449,64.3636830915982
"04/02/2009",52.525015031263,49.4509409365635,64.4609091989874
"05/02/2009",52.6582145621961,48.8310159296442,62.8080653733723
"06/02/2009",55.1446058062796,49.5940005535449,64.6553614137656
"09/02/2009",55.4998045554343,49.3078813195821,66.0165269172133
"10/02/2009",55.9438029918778,49.6893736315325,65.6762355413514
"11/02/2009",53.2354125295726,49.3555678585759,64.8012005748493
"12/02/2009",51.9478170638865,49.2125082415945,64.2664569842091
"13/02/2009",54.1678092461039,49.78474670952,65.7248485950459
"16/02/2009",52.39181550033,49.8801197875076,66.0651399709079
"17/02/2009",51.0598201909996,49.78474670952,63.6831003398744
"18/02/2009",50.34942269269,50.4523582554331,64.8498136285439
"19/02/2009",49.8166245689579,51.1199698013463,63.0997436955397
"20/02/2009",48.6622286342048,50.261612099458,61.3010607088409
"23/02/2009",49.1062270706483,52.1213871202159,63.9747786620418
"24/02/2009",47.6410322303848,51.6922082692718,62.6136131585941
"25/02/2009",48.9286276960709,52.6459390491476,63.2941959103179
"26/02/2009",51.0154203473552,53.1228044390856,62.9052914807614
"27/02/2009",50.5714219109118,54.8872063818559,62.0788695679539
"02/03/2009",50.5714219109118,54.1242217579552,59.2106993999748
"03/03/2009",41.0698553710214,52.9320582831104,59.7940560443095
"04/03/2009",39.2494617816032,52.4075063541787,59.8912821516987
"05/03/2009",39.7822599053353,51.406089035309,58.7731819167238
"06/03/2009",38.6278639705823,51.406089035309,56.8286597689414
"09/03/2009",29.3038968052693,52.4551928931725,54.7382984600752
"10/03/2009",33.3886824205493,51.7875813472594,54.4466201379079
"11/03/2009",34.1434797625032,51.2153428793338,57.4606294669706
"12/03/2009",34.7131958464306,51.5014621132966,58.1898252723891
"13/03/2009",36.6789983736456,51.6922082692718,61.0579954403681
"16/03/2009",38.3571224822438,51.5014621132966,62.953904534456
"17/03/2009",39.4598897536083,51.8352678862532,61.738578192092
"18/03/2009",41.7324307353101,51.5491486522904,61.8844173531757
"19/03/2009",40.5596223774091,51.8829544252469,63.6344872861798
"20/03/2009",40.5107553624965,51.16765634034,61.39828681623
"23/03/2009",40.7550904370593,52.2644467371973,66.4054313467698
"24/03/2009",44.7621856598876,51.5014621132966,68.933310138887
"25/03/2009",42.6609040186483,50.9769101843649,68.155501279774
"26/03/2009",42.3677019291731,50.3092986384518,69.4194406758326
"27/03/2009",42.807505063386,49.9278063265014,68.5444057093305
"30/03/2009",41.7324307353101,50.3092986384518,65.0442658433221
"31/03/2009",41.6835637203975,50.7861640283897,64.8984266822384
"01/04/2009",41.8790317800477,50.1662390214704,64.6067483600711
"02/04/2009",48.2806107335906,49.9278063265014,70.0027973201673
"03/04/2009",48.3294777485031,49.1171351636069,71.1695106088367
"06/04/2009",50.8705625239552,49.8801197875076,73.4057110787865
"07/04/2009",50.039823270442,50.1662390214704,73.9890677231212
"08/04/2009",47.2544034204272,50.4523582554331,69.9541842664727
"09/04/2009",49.7466211809668,50.3092986384518,72.2389977901171
"14/04/2009",54.3889875976582,50.1185524824766,74.8154896359288
"15/04/2009",53.7537164037952,50.5477313334207,74.1835199378995
"16/04/2009",53.9980514783579,50.3730271928674,73.8918416157321
"17/04/2009",53.9003174485328,50.5671429045933,74.5238113137614
"20/04/2009",53.7048493888826,50.3730271928674,77.1003031595731
"21/04/2009",50.9682965537803,50.9068454001136,75.1557810117907
"22/04/2009",50.0886902853546,50.4700850487304,73.4543241324811
"23/04/2009",51.3592326730807,50.8097875442507,75.3016201728744
"24/04/2009",51.5058337178183,50.8097875442507,77.003077052184
"27/04/2009",50.57736043448,50.6156718325248,74.572424367456
"28/04/2009",49.3068180467539,50.7612586163192,71.6556411457823
"29/04/2009",50.1375573002671,50.9553743280451,73.5515502398702
"30/04/2009",53.5093813292325,50.8583164721822,78.4614686630208
"04/05/2009",55.6106629704717,50.4700850487304,83.9547437305062
"05/05/2009",56.6368702836351,50.3730271928674,84.8783917507028
"06/05/2009",60.2041623722506,50.6156718325248,86.0937180930668
"07/05/2009",63.5759864012159,50.0818536252786,85.2672961802593
"08/05/2009",64.4067256547291,49.7906800576898,84.3922612137572
"11/05/2009",64.6021937143793,49.6936222018268,82.8366434955313
"12/05/2009",65.7750020722803,50.5671429045933,84.3291956305859
"13/05/2009",63.6248534161285,49.7906800576898,85.971002979146
"14/05/2009",60.9371675959387,50.1789114811416,81.5928500496524
"15/05/2009",62.8429811775278,50.4700850487304,82.737140019861
"18/05/2009",62.8429811775278,50.7612586163192,84.3789473684211
"19/05/2009",66.8012093854436,50.5671429045933,85.1749751737835
"20/05/2009",67.018342898701,50.0818536252786,83.5829195630586
"21/05/2009",65.2923370109493,50.0333246973471,82.5878848063555
"22/05/2009",64.7498780176559,50.0333246973471,82.5878848063555
"25/05/2009",64.9964502873347,50.2759693370045,88.3590863952334
"26/05/2009",64.108790116491,50.0333246973471,90.5481628599801
"27/05/2009",67.8073741616732,50.1789114811416,95.1750744786495
"29/05/2009",67.5608018919943,50.6156718325248,95.3243296921549
"01/06/2009",69.8292667730394,50.6642007604563,97.7124131082423
"02/06/2009",67.1169718065725,50.3897043167077,93.73227408143
"03/06/2009",65.9334249121142,50.6347904271975,95.1253227408143
"04/06/2009",66.2293116357288,50.1446182062178,93.9810327706058
"05/06/2009",64.8978213794632,50.6838076492955,95.0755710029791
"08/06/2009",63.1718154917115,50.5367559830016,91.4436941410129
"09/06/2009",63.1225010377757,50.5857732050995,91.0456802383317
"10/06/2009",65.8347960042427,51.0759454260792,93.4835153922542
"11/06/2009",66.5745128132791,50.7328248713934,90.9959285004965
"12/06/2009",68.8922921482599,50.7328248713934,90.8964250248262
"15/06/2009",67.0676573526367,50.5367559830016,89.0556107249255
"16/06/2009",65.6868526424354,50.9779109818832,87.3142999006951
"17/06/2009",65.8347960042427,50.7818420934914,85.7719960278054
"18/06/2009",64.9964502873347,50.9288937597853,85.4237338629593
"19/06/2009",65.6868526424354,50.7818420934914,85.5729890764648
"22/06/2009",65.6375381884996,50.6347904271975,88.4585898709037
"23/06/2009",63.8622178468122,50.8308593155894,86.617775571003
"24/06/2009",64.6019346558486,50.8798765376873,87.911320754717
"25/06/2009",64.9471358333989,50.5857732050995,90.3989076464747
"26/06/2009",64.6019346558486,50.6347904271975,92.7372393247269
"29/06/2009",64.3553623861698,50.4877387609036,91.8914597815293
"30/06/2009",64.7498780176559,50.3897043167077,88.6575968222443
"02/07/2009",63.07318658384,50.1936354283158,86.8167825223436
"03/07/2009",63.1225010377757,50.2916698725117,86.7172790466733
"06/07/2009",62.4320986826751,50.3897043167077,86.0207547169811
"07/07/2009",62.6786709523539,50.6347904271975,85.3739821251241
"08/07/2009",62.0868975051247,50.8308593155894,83.5829195630586
"09/07/2009",61.8403252354459,50.7328248713934,84.9262164846077
"10/07/2009",61.6923818736386,50.6838076492955,85.0754716981132
"13/07/2009",60.5088349791803,50.8798765376873,82.9361469712016
"14/07/2009",63.1718154917115,51.1249626481771,85.8217477656405
"15/07/2009",64.7005635637201,51.272014314471,87.7123138033764
"16/07/2009",65.9334249121142,50.9288937597853,87.9610724925521
"17/07/2009",67.3635440762513,51.1249626481771,91.9412115193645
"20/07/2009",69.4840655954891,50.9288937597853,97.0656405163853
"21/07/2009",70.8155558517547,51.1249626481771,96.5183714001986
"22/07/2009",69.2374933258103,51.2229970923731,95.4238331678252
"23/07/2009",71.1114425753692,51.370048758667,98.8069513406157
"24/07/2009",72.2456750158918,51.272014314471,98.3591857000993
"27/07/2009",71.8018449304699,51.1739798702751,100.896524329692
"28/07/2009",72.6895051013136,51.2229970923731,102.289572989076
"29/07/2009",71.8018449304699,51.370048758667,97.9611717974181
"30/07/2009",72.6895051013136,51.5171004249609,98.0109235352532
"31/07/2009",76.0428879689455,51.6641520912547,99.6029791459782
"03/08/2009",76.6346614161746,51.6151348691568,99.6029791459782
"04/08/2009",81.9606224412369,51.5661176470588,96.966137040715
"05/08/2009",81.319534540072,51.5661176470588,96.4188679245283
"06/08/2009",84.031829506539,51.4680832028629,98.5084409136048
"07/08/2009",82.6510247963376,51.7131693133527,94.4785501489573
"10/08/2009",85.2153764009972,52.2033415343324,96.4188679245283
"11/08/2009",84.8208607695111,52.7915481995079,96.7173783515392
"12/08/2009",80.8263900007144,52.2033415343324,95.4735849056604
"13/08/2009",83.1441693356952,52.3503932006263,97.4139026812314
"14/08/2009",83.2427982435668,52.7915481995079,95.9711022840119
"17/08/2009",80.7770755467786,52.4974448669201,94.9263157894737
"18/08/2009",82.3058236187873,51.5171004249609,96.0208540218471
"19/08/2009",81.0340647714286,51.0269282039812,93.4337636544191
"20/08/2009",82.4252075142857,51.6151348691568,97.3143992055611
"21/08/2009",82.1767891673469,51.4680832028629,98.0109235352532
"24/08/2009",83.7169829183673,51.321031536569,99.4537239324727
"25/08/2009",83.4188809020408,51.272014314471,97.8616683217478
"26/08/2009",84.1641359428571,51.1249626481771,98.5084409136048
"27/08/2009",83.1207788857143,51.4680832028629,97.0656405163853
"28/08/2009",82.6239421918367,51.4680832028629,94.6775571002979
"31/08/2009",81.6799524734694,50.8798765376873,91.4934458788481
"01/09/2009",82.8226768693877,51.5661176470588,91.2446871896723
"02/09/2009",80.139758722449,51.5661176470588,89.7521350546177
"03/09/2009",80.4875444081633,51.6354269449715,89.7023833167825
"04/09/2009",81.5309014653061,51.8829601518027,92.6377358490566
"07/09/2009",82.6239421918367,51.6849335863378,93.5830188679245
"08/09/2009",84.2138196122449,51.7839468690702,95.2248262164846
"09/09/2009",82.7729932,51.6849335863378,95.3243296921549
"10/09/2009",83.4188809020408,51.734440227704,95.6228401191658
"11/09/2009",84.0647686040816,51.9324667931689,96.6676266137041
"14/09/2009",83.3195135632653,51.8829601518027,95.8715988083416
"15/09/2009",84.2635032816327,51.6354269449715,94.8765640516385
"16/09/2009",86.8470540897959,51.7839468690702,96.966137040715
"17/09/2009",90.3745946163265,51.7839468690702,99.8019860973188
"18/09/2009",90.6230129632653,51.8334535104364,99.3542204568024
"21/09/2009",90.3745946163265,51.7839468690702,98.6079443892751
"22/09/2009",91.1695333265306,52.0314800759013,100.29950347567
"23/09/2009",90.2255436081633,52.0809867172675,100.2
"24/09/2009",88.1388294938776,51.5859203036053,98.4
"25/09/2009",87.4929417918367,51.5364136622391,97.05
"28/09/2009",86.5489520734694,51.6849335863378,95.15
"29/09/2009",88.8344008653061,51.5364136622391,97.9
"30/09/2009",89.3312375591837,52.0809867172675,98.35
"02/10/2009",86.0024317102041,51.4869070208729,95.25
"05/10/2009",85.1578093306123,51.4869070208729,93.3
"06/10/2009",86.1514827183673,51.5364136622391,94.1
"07/10/2009",86.8967377591837,51.4869070208729,95.45
"08/10/2009",88.4866151795918,51.8829601518027,98.5
"09/10/2009",88.1885131632653,51.734440227704,97.9
"12/10/2009",87.5426254612245,51.6849335863378,97.25
"13/10/2009",87.0954724367347,51.6354269449715,98.15
"14/10/2009",87.9897784857143,51.9324667931689,100.1
"15/10/2009",89.1325028816327,51.9819734345351,100.4
"16/10/2009",89.6293395755102,52.0809867172675,99.55
"19/10/2009",89.1325028816327,52.18,100.2
"20/10/2009",88.7350335265306,51.6849335863378,107.3
"21/10/2009",88.6853498571429,51.7839468690702,107.5
"22/10/2009",88.3375641714286,51.5364136622391,106.3
"23/10/2009",89.7783905836735,51.6354269449715,105.5
"27/10/2009",87.3438907836735,51.3383870967742,102.3
"28/10/2009",86.3005337265306,51.3878937381404,99.5
"29/10/2009",85.2571766693878,51.5364136622391,97.2
"30/10/2009",86.6483194122449,51.5859203036053,100.3
"02/11/2009",85.8036970326531,51.4869070208729,98.95
"03/11/2009",85.1578093306123,51.1898671726755,97.05
"04/11/2009",85.3565440081633,51.4869070208729,97.25
"05/11/2009",84.7106563061224,51.3383870967742,95.75
"06/11/2009",86.3005337265306,51.3878937381404,97.35
"09/11/2009",88.3375641714286,51.3383870967742,98.1
"10/11/2009",88.1388294938776,51.5859203036053,97
"11/11/2009",93.4052984489796,51.8334535104364,96.6
"12/11/2009",92.3619413918367,52.0809867172675,96.75
"13/11/2009",94.0015024816327,52.2295066413662,97.9
"16/11/2009",96.4856859510204,52.2295066413662,98.25
"17/11/2009",97.379992,52.2295066413662,97.6
"18/11/2009",96.5,51.9819734345351,96.85
"19/11/2009",95.55,52.0314800759013,97.45
"20/11/2009",95.05,52.0314800759013,96.7
"23/11/2009",95.6,52.3780265654649,97.2
"24/11/2009",95.05,52.1304933586338,97
"25/11/2009",95.9,52.2790132827324,98.5
"26/11/2009",94.15,52.18,97.75
"27/11/2009",87,51.8334535104364,95.2
"30/11/2009",90.7,52.0314800759013,97.4
"01/12/2009",91.65,52.18,98.6
"02/12/2009",92.55,52,99.4
"03/12/2009",93.8,52.3,101.3
"04/12/2009",93.45,52.15,101.3
"07/12/2009",92.35,51.85,100.8
"08/12/2009",90.55,51.85,100.7
"09/12/2009",88.2,51.85,99.15
"10/12/2009",88.6,52.05,98.5
"11/12/2009",90.15,52.1,100.5
"14/12/2009",91.45,52.2,101.8
"15/12/2009",89.45,52.15,100.5
"16/12/2009",88.85,52.2,98.85
"17/12/2009",88.2,52.05,97.2
"18/12/2009",87.45,52.35,96.05
"21/12/2009",86.5,52.1,95
"22/12/2009",87.15,52.3,95
"23/12/2009",87.8,52.35,97
"24/12/2009",88.6,52.2,97.9
"28/12/2009",88.4,52.25,96.9
"29/12/2009",88.45,52.35,98.6
"30/12/2009",88.7,52.45,98.95
"31/12/2009",89.4,52.45,100.3
